2025-08-07 06:23:29,545 - services.data_service - INFO - 🚀 Initializing Continuous Data Service...
2025-08-07 06:23:29,545 - services.data_service - INFO - 🔌 Connecting to MongoDB...
2025-08-07 06:23:32,779 - services.data_service - INFO - ✅ MongoDB connected successfully
2025-08-07 06:23:32,780 - services.data_service - INFO - 📊 Configured trading pairs: ['EURUSD', 'GBPUSD', 'USDJPY', 'AUDUSD', 'USDCAD']
2025-08-07 06:23:32,794 - services.data_service - INFO - 🔄 Starting continuous data collection...
2025-08-07 06:23:32,794 - services.data_service - INFO - 🔌 Connecting to PyQuotex (attempt 1/5)...
2025-08-07 06:23:37,237 - services.data_service - INFO - 🚀 Initializing Continuous Data Service...
2025-08-07 06:23:37,237 - services.data_service - INFO - 🔌 Connecting to MongoDB...
2025-08-07 06:23:40,379 - services.data_service - INFO - ✅ MongoDB connected successfully
2025-08-07 06:23:40,379 - services.data_service - INFO - 📊 Configured trading pairs: ['EURUSD', 'GBPUSD', 'USDJPY', 'AUDUSD', 'USDCAD']
2025-08-07 06:23:40,379 - services.data_service - INFO - 📡 WebSocket broadcaster configured
2025-08-07 06:23:44,607 - services.data_service - INFO - ✅ Connected to PyQuotex successfully
2025-08-07 06:23:44,607 - services.data_service - INFO - 📊 Starting data collection cycle...
2025-08-07 06:23:52,074 - services.data_service - INFO - ✅ Collection successful: 5 candles collected
2025-08-07 06:23:52,074 - services.data_service - INFO -   📈 EURUSD OTC: up | O:1.16532 C:1.16535 | Change: +0.00003
2025-08-07 06:23:52,074 - services.data_service - INFO -   📈 GBPUSD OTC: up | O:1.33474 C:1.33479 | Change: +0.00005
2025-08-07 06:23:52,074 - services.data_service - INFO -   📈 USDJPY OTC: down | O:147.54400 C:147.54400 | Change: +0.00000
2025-08-07 06:23:52,074 - services.data_service - INFO -   📈 AUDUSD OTC: up | O:0.64992 C:0.65002 | Change: +0.00010
2025-08-07 06:23:52,075 - services.data_service - INFO -   📈 USDCAD OTC: down | O:1.37443 C:1.37440 | Change: -0.00003
2025-08-07 06:23:52,592 - services.data_service - INFO - 📊 Database: 318 total candles
2025-08-07 06:23:52,593 - services.data_service - INFO - ⏳ Next collection in 52.0s...
2025-08-07 06:24:01,360 - services.data_service - INFO - 🛑 Received signal 2. Initiating graceful shutdown...
2025-08-07 06:24:01,360 - services.data_service - INFO - 🛑 Received signal 2. Initiating graceful shutdown...
2025-08-07 06:24:02,596 - services.data_service - INFO - 🛑 Shutting down Continuous Data Service...
2025-08-07 06:24:04,125 - services.data_service - INFO - 📊 Service Statistics:
2025-08-07 06:24:04,125 - services.data_service - INFO -   🕐 Uptime: 0.01 hours
2025-08-07 06:24:04,125 - services.data_service - INFO -   📈 Collections: 1 total, 1 successful
2025-08-07 06:24:04,125 - services.data_service - INFO -   ✅ Success rate: 100.0%
2025-08-07 06:24:04,125 - services.data_service - INFO -   🔄 Reconnections: 0
2025-08-07 06:24:04,125 - services.data_service - INFO -   ⏰ Last collection: 0.2 minutes ago
2025-08-07 06:24:04,125 - services.data_service - INFO - ✅ Service shutdown complete
2025-08-07 06:24:07,978 - services.data_service - INFO - 🛑 Received signal 2. Initiating graceful shutdown...
2025-08-07 06:24:07,978 - services.data_service - INFO - 🛑 Received signal 2. Initiating graceful shutdown...
2025-08-07 06:24:44,823 - services.data_service - INFO - 🛑 Received signal 2. Initiating graceful shutdown...
2025-08-07 06:24:44,823 - services.data_service - INFO - 🛑 Received signal 2. Initiating graceful shutdown...
2025-08-07 06:59:02,220 - services.data_service - INFO - 🚀 Initializing Continuous Data Service...
2025-08-07 06:59:02,220 - services.data_service - INFO - 🔌 Connecting to MongoDB...
2025-08-07 06:59:05,347 - services.data_service - INFO - ✅ MongoDB connected successfully
2025-08-07 06:59:05,348 - services.data_service - INFO - 📊 Configured trading pairs: ['EURUSD', 'GBPUSD', 'USDJPY', 'AUDUSD', 'USDCAD']
2025-08-07 06:59:05,365 - services.data_service - INFO - 🔄 Starting continuous data collection...
2025-08-07 06:59:05,366 - services.data_service - INFO - 🔌 Connecting to PyQuotex (attempt 1/5)...
2025-08-07 06:59:09,527 - services.data_service - INFO - 🚀 Initializing Continuous Data Service...
2025-08-07 06:59:09,531 - services.data_service - INFO - 🔌 Connecting to MongoDB...
2025-08-07 06:59:11,935 - services.data_service - INFO - ✅ Connected to PyQuotex successfully
2025-08-07 06:59:11,936 - services.data_service - INFO - 📊 Starting data collection cycle...
2025-08-07 06:59:12,970 - services.data_service - INFO - ✅ MongoDB connected successfully
2025-08-07 06:59:12,971 - services.data_service - INFO - 📊 Configured trading pairs: ['EURUSD', 'GBPUSD', 'USDJPY', 'AUDUSD', 'USDCAD']
2025-08-07 06:59:12,972 - services.data_service - INFO - 📡 WebSocket broadcaster configured
2025-08-07 06:59:19,356 - services.data_service - INFO - ✅ Collection successful: 5 candles collected
2025-08-07 06:59:19,357 - services.data_service - INFO -   📈 EURUSD OTC: up | O:1.16572 C:1.16583 | Change: +0.00011
2025-08-07 06:59:19,357 - services.data_service - INFO -   📈 GBPUSD OTC: up | O:1.33553 C:1.33556 | Change: +0.00003
2025-08-07 06:59:19,357 - services.data_service - INFO -   📈 USDJPY OTC: down | O:147.53400 C:147.50800 | Change: -0.02600
2025-08-07 06:59:19,357 - services.data_service - INFO -   📈 AUDUSD OTC: down | O:0.65113 C:0.65104 | Change: -0.00009
2025-08-07 06:59:19,357 - services.data_service - INFO -   📈 USDCAD OTC: up | O:1.37391 C:1.37393 | Change: +0.00002
2025-08-07 06:59:19,864 - services.data_service - INFO - 📊 Database: 323 total candles
2025-08-07 06:59:19,864 - services.data_service - INFO - ⏳ Next collection in 52.1s...
2025-08-07 07:00:11,948 - services.data_service - INFO - 📊 Starting data collection cycle...
2025-08-07 07:00:20,600 - services.data_service - INFO - ✅ Collection successful: 5 candles collected
2025-08-07 07:00:20,600 - services.data_service - INFO -   📈 EURUSD OTC: down | O:1.16583 C:1.16570 | Change: -0.00013
2025-08-07 07:00:20,600 - services.data_service - INFO -   📈 GBPUSD OTC: down | O:1.33556 C:1.33542 | Change: -0.00014
2025-08-07 07:00:20,600 - services.data_service - INFO -   📈 USDJPY OTC: up | O:147.50800 C:147.50900 | Change: +0.00100
2025-08-07 07:00:20,600 - services.data_service - INFO -   📈 AUDUSD OTC: down | O:0.65104 C:0.65102 | Change: -0.00002
2025-08-07 07:00:20,600 - services.data_service - INFO -   📈 USDCAD OTC: up | O:1.37393 C:1.37397 | Change: +0.00004
2025-08-07 07:00:21,115 - services.data_service - INFO - 📊 Database: 328 total candles
2025-08-07 07:00:21,116 - services.data_service - INFO - ⏳ Next collection in 50.8s...
2025-08-07 07:01:11,960 - services.data_service - INFO - 📊 Starting data collection cycle...
2025-08-07 07:01:19,367 - services.data_service - INFO - ✅ Collection successful: 5 candles collected
2025-08-07 07:01:19,367 - services.data_service - INFO -   📈 EURUSD OTC: up | O:1.16570 C:1.16577 | Change: +0.00007
2025-08-07 07:01:19,367 - services.data_service - INFO -   📈 GBPUSD OTC: up | O:1.33542 C:1.33547 | Change: +0.00005
2025-08-07 07:01:19,367 - services.data_service - INFO -   📈 USDJPY OTC: down | O:147.50900 C:147.49500 | Change: -0.01400
2025-08-07 07:01:19,367 - services.data_service - INFO -   📈 AUDUSD OTC: up | O:0.65102 C:0.65104 | Change: +0.00002
2025-08-07 07:01:19,367 - services.data_service - INFO -   📈 USDCAD OTC: down | O:1.37397 C:1.37397 | Change: +0.00000
2025-08-07 07:01:19,925 - services.data_service - INFO - 📊 Database: 333 total candles
2025-08-07 07:01:19,925 - services.data_service - INFO - ⏳ Next collection in 52.0s...
2025-08-07 07:02:11,972 - services.data_service - INFO - 📊 Starting data collection cycle...
2025-08-07 07:02:19,388 - services.data_service - INFO - ✅ Collection successful: 5 candles collected
2025-08-07 07:02:19,389 - services.data_service - INFO -   📈 EURUSD OTC: up | O:1.16577 C:1.16586 | Change: +0.00009
2025-08-07 07:02:19,389 - services.data_service - INFO -   📈 GBPUSD OTC: up | O:1.33547 C:1.33561 | Change: +0.00014
2025-08-07 07:02:19,389 - services.data_service - INFO -   📈 USDJPY OTC: down | O:147.49500 C:147.46600 | Change: -0.02900
2025-08-07 07:02:19,389 - services.data_service - INFO -   📈 AUDUSD OTC: up | O:0.65104 C:0.65105 | Change: +0.00001
2025-08-07 07:02:19,389 - services.data_service - INFO -   📈 USDCAD OTC: down | O:1.37397 C:1.37391 | Change: -0.00006
2025-08-07 07:02:19,894 - services.data_service - INFO - 📊 Database: 338 total candles
2025-08-07 07:02:19,895 - services.data_service - INFO - ⏳ Next collection in 52.1s...
2025-08-07 07:03:11,985 - services.data_service - INFO - 📊 Starting data collection cycle...
2025-08-07 07:03:19,524 - services.data_service - INFO - ✅ Collection successful: 5 candles collected
2025-08-07 07:03:19,525 - services.data_service - INFO -   📈 EURUSD OTC: down | O:1.16586 C:1.16579 | Change: -0.00007
2025-08-07 07:03:19,525 - services.data_service - INFO -   📈 GBPUSD OTC: down | O:1.33561 C:1.33554 | Change: -0.00007
2025-08-07 07:03:19,525 - services.data_service - INFO -   📈 USDJPY OTC: up | O:147.46600 C:147.49200 | Change: +0.02600
2025-08-07 07:03:19,525 - services.data_service - INFO -   📈 AUDUSD OTC: down | O:0.65105 C:0.65102 | Change: -0.00003
2025-08-07 07:03:19,525 - services.data_service - INFO -   📈 USDCAD OTC: up | O:1.37391 C:1.37393 | Change: +0.00002
2025-08-07 07:03:20,038 - services.data_service - INFO - 📊 Database: 343 total candles
2025-08-07 07:03:20,038 - services.data_service - INFO - ⏳ Next collection in 51.9s...
2025-08-07 07:04:11,997 - services.data_service - INFO - 📊 Starting data collection cycle...
2025-08-07 07:04:19,926 - services.data_service - INFO - ✅ Collection successful: 5 candles collected
2025-08-07 07:04:19,926 - services.data_service - INFO -   📈 EURUSD OTC: up | O:1.16579 C:1.16586 | Change: +0.00007
2025-08-07 07:04:19,926 - services.data_service - INFO -   📈 GBPUSD OTC: up | O:1.33554 C:1.33561 | Change: +0.00007
2025-08-07 07:04:19,927 - services.data_service - INFO -   📈 USDJPY OTC: down | O:147.49000 C:147.48800 | Change: -0.00200
2025-08-07 07:04:19,927 - services.data_service - INFO -   📈 AUDUSD OTC: up | O:0.65102 C:0.65109 | Change: +0.00007
2025-08-07 07:04:19,927 - services.data_service - INFO -   📈 USDCAD OTC: down | O:1.37393 C:1.37389 | Change: -0.00004
2025-08-07 07:04:20,436 - services.data_service - INFO - 📊 Database: 348 total candles
2025-08-07 07:04:20,436 - services.data_service - INFO - ⏳ Next collection in 51.6s...
2025-08-07 07:05:12,010 - services.data_service - INFO - 📊 Starting data collection cycle...
2025-08-07 07:05:19,730 - services.data_service - INFO - ✅ Collection successful: 5 candles collected
2025-08-07 07:05:19,731 - services.data_service - INFO -   📈 EURUSD OTC: down | O:1.16586 C:1.16574 | Change: -0.00012
2025-08-07 07:05:19,732 - services.data_service - INFO -   📈 GBPUSD OTC: down | O:1.33561 C:1.33554 | Change: -0.00007
2025-08-07 07:05:19,733 - services.data_service - INFO -   📈 USDJPY OTC: up | O:147.48800 C:147.51400 | Change: +0.02600
2025-08-07 07:05:19,733 - services.data_service - INFO -   📈 AUDUSD OTC: down | O:0.65109 C:0.65107 | Change: -0.00002
2025-08-07 07:05:19,734 - services.data_service - INFO -   📈 USDCAD OTC: up | O:1.37389 C:1.37391 | Change: +0.00002
2025-08-07 07:05:20,247 - services.data_service - INFO - 📊 Database: 353 total candles
2025-08-07 07:05:20,247 - services.data_service - INFO - ⏳ Next collection in 51.8s...
2025-08-07 07:06:12,022 - services.data_service - INFO - 📊 Starting data collection cycle...
2025-08-07 07:06:19,924 - services.data_service - INFO - ✅ Collection successful: 5 candles collected
2025-08-07 07:06:19,925 - services.data_service - INFO -   📈 EURUSD OTC: down | O:1.16574 C:1.16569 | Change: -0.00005
2025-08-07 07:06:19,925 - services.data_service - INFO -   📈 GBPUSD OTC: down | O:1.33554 C:1.33547 | Change: -0.00007
2025-08-07 07:06:19,925 - services.data_service - INFO -   📈 USDJPY OTC: up | O:147.51500 C:147.53600 | Change: +0.02100
2025-08-07 07:06:19,925 - services.data_service - INFO -   📈 AUDUSD OTC: down | O:0.65107 C:0.65100 | Change: -0.00007
2025-08-07 07:06:19,925 - services.data_service - INFO -   📈 USDCAD OTC: up | O:1.37391 C:1.37397 | Change: +0.00006
2025-08-07 07:06:20,632 - services.data_service - INFO - 📊 Database: 358 total candles
2025-08-07 07:06:20,633 - services.data_service - INFO - ⏳ Next collection in 51.4s...
2025-08-07 07:07:12,034 - services.data_service - INFO - 📊 Starting data collection cycle...
2025-08-07 07:07:20,149 - services.data_service - INFO - ✅ Collection successful: 5 candles collected
2025-08-07 07:07:20,150 - services.data_service - INFO -   📈 EURUSD OTC: up | O:1.16569 C:1.16576 | Change: +0.00007
2025-08-07 07:07:20,150 - services.data_service - INFO -   📈 GBPUSD OTC: down | O:1.33547 C:1.33544 | Change: -0.00003
2025-08-07 07:07:20,150 - services.data_service - INFO -   📈 USDJPY OTC: up | O:147.53600 C:147.55500 | Change: +0.01900
2025-08-07 07:07:20,150 - services.data_service - INFO -   📈 AUDUSD OTC: down | O:0.65100 C:0.65095 | Change: -0.00005
2025-08-07 07:07:20,150 - services.data_service - INFO -   📈 USDCAD OTC: down | O:1.37397 C:1.37392 | Change: -0.00005
2025-08-07 07:07:20,658 - services.data_service - INFO - 📊 Database: 363 total candles
2025-08-07 07:07:20,658 - services.data_service - INFO - ⏳ Next collection in 51.4s...
2025-08-07 07:08:12,045 - services.data_service - INFO - 📊 Starting data collection cycle...
2025-08-07 07:08:19,583 - services.data_service - INFO - ✅ Collection successful: 5 candles collected
2025-08-07 07:08:19,583 - services.data_service - INFO -   📈 EURUSD OTC: down | O:1.16576 C:1.16574 | Change: -0.00002
2025-08-07 07:08:19,584 - services.data_service - INFO -   📈 GBPUSD OTC: down | O:1.33542 C:1.33535 | Change: -0.00007
2025-08-07 07:08:19,584 - services.data_service - INFO -   📈 USDJPY OTC: down | O:147.55300 C:147.54800 | Change: -0.00500
2025-08-07 07:08:19,584 - services.data_service - INFO -   📈 AUDUSD OTC: up | O:0.65095 C:0.65097 | Change: +0.00002
2025-08-07 07:08:19,584 - services.data_service - INFO -   📈 USDCAD OTC: down | O:1.37392 C:1.37391 | Change: -0.00001
2025-08-07 07:08:20,234 - services.data_service - INFO - 📊 Database: 368 total candles
2025-08-07 07:08:20,234 - services.data_service - INFO - 📊 Service Statistics:
2025-08-07 07:08:20,235 - services.data_service - INFO -   🕐 Uptime: 0.15 hours
2025-08-07 07:08:20,235 - services.data_service - INFO -   📈 Collections: 10 total, 10 successful
2025-08-07 07:08:20,235 - services.data_service - INFO -   ✅ Success rate: 100.0%
2025-08-07 07:08:20,235 - services.data_service - INFO -   🔄 Reconnections: 0
2025-08-07 07:08:20,235 - services.data_service - INFO -   ⏰ Last collection: 0.0 minutes ago
2025-08-07 07:08:20,235 - services.data_service - INFO - ⏳ Next collection in 51.8s...
2025-08-07 07:09:12,056 - services.data_service - INFO - 📊 Starting data collection cycle...
2025-08-07 07:09:19,791 - services.data_service - INFO - ✅ Collection successful: 5 candles collected
2025-08-07 07:09:19,792 - services.data_service - INFO -   📈 EURUSD OTC: up | O:1.16574 C:1.16581 | Change: +0.00007
2025-08-07 07:09:19,792 - services.data_service - INFO -   📈 GBPUSD OTC: up | O:1.33535 C:1.33542 | Change: +0.00007
2025-08-07 07:09:19,792 - services.data_service - INFO -   📈 USDJPY OTC: down | O:147.54900 C:147.54400 | Change: -0.00500
2025-08-07 07:09:19,792 - services.data_service - INFO -   📈 AUDUSD OTC: up | O:0.65097 C:0.65107 | Change: +0.00010
2025-08-07 07:09:19,792 - services.data_service - INFO -   📈 USDCAD OTC: down | O:1.37391 C:1.37389 | Change: -0.00002
2025-08-07 07:09:20,305 - services.data_service - INFO - 📊 Database: 373 total candles
2025-08-07 07:09:20,305 - services.data_service - INFO - ⏳ Next collection in 51.8s...
2025-08-07 07:10:12,067 - services.data_service - INFO - 📊 Starting data collection cycle...
2025-08-07 07:10:21,101 - services.data_service - INFO - ✅ Collection successful: 5 candles collected
2025-08-07 07:10:21,101 - services.data_service - INFO -   📈 EURUSD OTC: up | O:1.16581 C:1.16592 | Change: +0.00011
2025-08-07 07:10:21,101 - services.data_service - INFO -   📈 GBPUSD OTC: up | O:1.33542 C:1.33557 | Change: +0.00015
2025-08-07 07:10:21,101 - services.data_service - INFO -   📈 USDJPY OTC: down | O:147.54400 C:147.53300 | Change: -0.01100
2025-08-07 07:10:21,101 - services.data_service - INFO -   📈 AUDUSD OTC: up | O:0.65107 C:0.65116 | Change: +0.00009
2025-08-07 07:10:21,101 - services.data_service - INFO -   📈 USDCAD OTC: down | O:1.37389 C:1.37374 | Change: -0.00015
2025-08-07 07:10:21,638 - services.data_service - INFO - 📊 Database: 378 total candles
2025-08-07 07:10:21,638 - services.data_service - INFO - ⏳ Next collection in 50.4s...
2025-08-07 07:11:12,079 - services.data_service - INFO - 📊 Starting data collection cycle...
2025-08-07 07:11:19,531 - services.data_service - INFO - ✅ Collection successful: 5 candles collected
2025-08-07 07:11:19,531 - services.data_service - INFO -   📈 EURUSD OTC: up | O:1.16592 C:1.16620 | Change: +0.00028
2025-08-07 07:11:19,531 - services.data_service - INFO -   📈 GBPUSD OTC: up | O:1.33557 C:1.33586 | Change: +0.00029
2025-08-07 07:11:19,531 - services.data_service - INFO -   📈 USDJPY OTC: down | O:147.53200 C:147.51400 | Change: -0.01800
2025-08-07 07:11:19,531 - services.data_service - INFO -   📈 AUDUSD OTC: up | O:0.65116 C:0.65124 | Change: +0.00008
2025-08-07 07:11:19,531 - services.data_service - INFO -   📈 USDCAD OTC: down | O:1.37374 C:1.37366 | Change: -0.00008
2025-08-07 07:11:20,045 - services.data_service - INFO - 📊 Database: 383 total candles
2025-08-07 07:11:20,045 - services.data_service - INFO - ⏳ Next collection in 52.0s...
2025-08-07 07:12:12,091 - services.data_service - INFO - 📊 Starting data collection cycle...
2025-08-07 07:12:20,122 - services.data_service - INFO - ✅ Collection successful: 5 candles collected
2025-08-07 07:12:20,123 - services.data_service - INFO -   📈 EURUSD OTC: up | O:1.16620 C:1.16634 | Change: +0.00014
2025-08-07 07:12:20,123 - services.data_service - INFO -   📈 GBPUSD OTC: up | O:1.33586 C:1.33596 | Change: +0.00010
2025-08-07 07:12:20,124 - services.data_service - INFO -   📈 USDJPY OTC: down | O:147.51400 C:147.45700 | Change: -0.05700
2025-08-07 07:12:20,124 - services.data_service - INFO -   📈 AUDUSD OTC: up | O:0.65124 C:0.65126 | Change: +0.00002
2025-08-07 07:12:20,124 - services.data_service - INFO -   📈 USDCAD OTC: down | O:1.37366 C:1.37359 | Change: -0.00007
2025-08-07 07:12:20,649 - services.data_service - INFO - 📊 Database: 388 total candles
2025-08-07 07:12:20,650 - services.data_service - INFO - ⏳ Next collection in 51.4s...
2025-08-07 07:13:12,103 - services.data_service - INFO - 📊 Starting data collection cycle...
2025-08-07 07:13:20,697 - services.data_service - INFO - ✅ Collection successful: 5 candles collected
2025-08-07 07:13:20,697 - services.data_service - INFO -   📈 EURUSD OTC: down | O:1.16634 C:1.16632 | Change: -0.00002
2025-08-07 07:13:20,697 - services.data_service - INFO -   📈 GBPUSD OTC: down | O:1.33597 C:1.33588 | Change: -0.00009
2025-08-07 07:13:20,697 - services.data_service - INFO -   📈 USDJPY OTC: up | O:147.45700 C:147.46000 | Change: +0.00300
2025-08-07 07:13:20,697 - services.data_service - INFO -   📈 AUDUSD OTC: down | O:0.65126 C:0.65116 | Change: -0.00010
2025-08-07 07:13:20,697 - services.data_service - INFO -   📈 USDCAD OTC: up | O:1.37359 C:1.37362 | Change: +0.00003
2025-08-07 07:13:21,220 - services.data_service - INFO - 📊 Database: 393 total candles
2025-08-07 07:13:21,220 - services.data_service - INFO - ⏳ Next collection in 50.9s...
2025-08-07 07:13:39,533 - services.data_service - INFO - 🛑 Received signal 2. Initiating graceful shutdown...
2025-08-07 07:13:39,535 - services.data_service - INFO - 🛑 Received signal 2. Initiating graceful shutdown...
2025-08-07 07:13:41,225 - services.data_service - INFO - 🛑 Shutting down Continuous Data Service...
2025-08-07 07:13:42,911 - services.data_service - INFO - 📊 Service Statistics:
2025-08-07 07:13:42,911 - services.data_service - INFO -   🕐 Uptime: 0.24 hours
2025-08-07 07:13:42,911 - services.data_service - INFO -   📈 Collections: 15 total, 15 successful
2025-08-07 07:13:42,911 - services.data_service - INFO -   ✅ Success rate: 100.0%
2025-08-07 07:13:42,911 - services.data_service - INFO -   🔄 Reconnections: 0
2025-08-07 07:13:42,911 - services.data_service - INFO -   ⏰ Last collection: 0.4 minutes ago
2025-08-07 07:13:42,911 - services.data_service - INFO - ✅ Service shutdown complete
2025-08-07 07:13:56,745 - services.data_service - INFO - 🛑 Received signal 2. Initiating graceful shutdown...
2025-08-07 07:13:56,745 - services.data_service - INFO - 🛑 Received signal 2. Initiating graceful shutdown...
2025-08-07 07:36:31,359 - services.data_service - INFO - 🚀 Initializing Continuous Data Service...
2025-08-07 07:36:31,360 - services.data_service - INFO - 🔌 Connecting to MongoDB...
2025-08-07 07:36:34,654 - services.data_service - INFO - ✅ MongoDB connected successfully
2025-08-07 07:36:34,654 - services.data_service - INFO - 📊 Configured trading pairs in database: ['USD/BRL(OTC)', 'NZD/CAD(OTC)', 'USD/BDT(OTC)', 'USD/EGP(OTC)']
2025-08-07 07:36:34,654 - services.data_service - INFO - 📊 Configured trading pairs for PyQuotex: ['USDBRL', 'NZDCAD', 'USDBDT', 'USDEGP']
2025-08-07 07:36:34,673 - services.data_service - INFO - 🔄 Starting continuous data collection...
2025-08-07 07:36:34,674 - services.data_service - INFO - 🔌 Connecting to PyQuotex (attempt 1/5)...
2025-08-07 07:36:38,941 - services.data_service - INFO - 🚀 Initializing Continuous Data Service...
2025-08-07 07:36:38,941 - services.data_service - INFO - 🔌 Connecting to MongoDB...
2025-08-07 07:36:41,316 - services.data_service - INFO - ✅ Connected to PyQuotex successfully
2025-08-07 07:36:41,316 - services.data_service - INFO - 📊 Starting data collection cycle...
2025-08-07 07:36:42,019 - services.data_service - INFO - ✅ MongoDB connected successfully
2025-08-07 07:36:42,020 - services.data_service - INFO - 📊 Configured trading pairs in database: ['USD/BRL(OTC)', 'NZD/CAD(OTC)', 'USD/BDT(OTC)', 'USD/EGP(OTC)']
2025-08-07 07:36:42,021 - services.data_service - INFO - 📊 Configured trading pairs for PyQuotex: ['USDBRL', 'NZDCAD', 'USDBDT', 'USDEGP']
2025-08-07 07:36:42,021 - services.data_service - INFO - 📡 WebSocket broadcaster configured
2025-08-07 07:36:46,316 - services.data_service - INFO - ✅ Collection successful: 1 candles collected
2025-08-07 07:36:46,316 - services.data_service - INFO -   📈 NZD/CAD(OTC): down | O:0.81585 C:0.81571 | Change: -0.00014
2025-08-07 07:36:46,831 - services.data_service - INFO - 📊 Database: 394 total candles
2025-08-07 07:36:46,832 - services.data_service - INFO - ⏳ Next collection in 54.5s...
2025-08-07 07:37:41,328 - services.data_service - INFO - 📊 Starting data collection cycle...
2025-08-07 07:37:46,533 - services.data_service - INFO - ✅ Collection successful: 1 candles collected
2025-08-07 07:37:46,534 - services.data_service - INFO -   📈 NZD/CAD(OTC): up | O:0.81571 C:0.81581 | Change: +0.00010
2025-08-07 07:37:47,048 - services.data_service - INFO - 📊 Database: 395 total candles
2025-08-07 07:37:47,049 - services.data_service - INFO - ⏳ Next collection in 54.3s...
2025-08-07 07:38:41,340 - services.data_service - INFO - 📊 Starting data collection cycle...
2025-08-07 07:38:46,441 - services.data_service - INFO - ✅ Collection successful: 1 candles collected
2025-08-07 07:38:46,442 - services.data_service - INFO -   📈 NZD/CAD(OTC): down | O:0.81581 C:0.81580 | Change: -0.00001
2025-08-07 07:38:46,957 - services.data_service - INFO - 📊 Database: 396 total candles
2025-08-07 07:38:46,957 - services.data_service - INFO - ⏳ Next collection in 54.4s...
2025-08-07 07:39:41,352 - services.data_service - INFO - 📊 Starting data collection cycle...
2025-08-07 07:39:46,449 - services.data_service - INFO - ✅ Collection successful: 1 candles collected
2025-08-07 07:39:46,449 - services.data_service - INFO -   📈 NZD/CAD(OTC): up | O:0.81580 C:0.81582 | Change: +0.00002
2025-08-07 07:39:46,970 - services.data_service - INFO - 📊 Database: 397 total candles
2025-08-07 07:39:46,971 - services.data_service - INFO - ⏳ Next collection in 54.4s...
2025-08-07 07:40:37,051 - services.data_service - INFO - 🛑 Received signal 2. Initiating graceful shutdown...
2025-08-07 07:40:37,051 - services.data_service - INFO - 🛑 Received signal 2. Initiating graceful shutdown...
2025-08-07 07:40:41,364 - services.data_service - INFO - 🛑 Shutting down Continuous Data Service...
2025-08-07 07:40:42,899 - services.data_service - INFO - 📊 Service Statistics:
2025-08-07 07:40:42,899 - services.data_service - INFO -   🕐 Uptime: 0.05 hours
2025-08-07 07:40:42,899 - services.data_service - INFO -   📈 Collections: 4 total, 4 successful
2025-08-07 07:40:42,899 - services.data_service - INFO -   ✅ Success rate: 100.0%
2025-08-07 07:40:42,899 - services.data_service - INFO -   🔄 Reconnections: 0
2025-08-07 07:40:42,899 - services.data_service - INFO -   ⏰ Last collection: 0.9 minutes ago
2025-08-07 07:40:42,900 - services.data_service - INFO - ✅ Service shutdown complete
2025-08-07 07:40:48,631 - services.data_service - INFO - 🛑 Received signal 2. Initiating graceful shutdown...
2025-08-07 07:40:48,631 - services.data_service - INFO - 🛑 Received signal 2. Initiating graceful shutdown...
2025-08-07 07:40:49,559 - services.data_service - INFO - 🛑 Received signal 2. Initiating graceful shutdown...
2025-08-07 07:40:49,559 - services.data_service - INFO - 🛑 Received signal 2. Initiating graceful shutdown...
2025-08-07 07:40:49,876 - services.data_service - INFO - 🛑 Received signal 2. Initiating graceful shutdown...
2025-08-07 07:40:49,876 - services.data_service - INFO - 🛑 Received signal 2. Initiating graceful shutdown...
2025-08-07 07:41:21,158 - services.data_service - INFO - 🚀 Initializing Continuous Data Service...
2025-08-07 07:41:21,158 - services.data_service - INFO - 🔌 Connecting to MongoDB...
2025-08-07 07:41:25,511 - services.data_service - INFO - ✅ MongoDB connected successfully
2025-08-07 07:41:25,511 - services.data_service - INFO - 📊 Configured trading pairs in database: ['USD/BRL(OTC)', 'NZD/CAD(OTC)', 'USD/BDT(OTC)', 'USD/EGP(OTC)']
2025-08-07 07:41:25,511 - services.data_service - INFO - 📊 Configured trading pairs for PyQuotex: ['USDBRL', 'NZDCAD', 'USDBDT', 'USDEGP']
2025-08-07 07:41:25,539 - services.data_service - INFO - 🔄 Starting continuous data collection...
2025-08-07 07:41:25,539 - services.data_service - INFO - 🔌 Connecting to PyQuotex (attempt 1/5)...
2025-08-07 07:41:29,977 - services.data_service - INFO - 🚀 Initializing Continuous Data Service...
2025-08-07 07:41:29,977 - services.data_service - INFO - 🔌 Connecting to MongoDB...
2025-08-07 07:41:32,132 - services.data_service - INFO - ✅ Connected to PyQuotex successfully
2025-08-07 07:41:32,132 - services.data_service - INFO - 📊 Available pairs in PyQuotex: []
2025-08-07 07:41:32,132 - services.data_service - WARNING - ⚠️ Trading pair not available in PyQuotex: USDBRL
2025-08-07 07:41:32,132 - services.data_service - WARNING - ⚠️ Trading pair not available in PyQuotex: NZDCAD
2025-08-07 07:41:32,133 - services.data_service - WARNING - ⚠️ Trading pair not available in PyQuotex: USDBDT
2025-08-07 07:41:32,133 - services.data_service - WARNING - ⚠️ Trading pair not available in PyQuotex: USDEGP
2025-08-07 07:41:32,133 - services.data_service - WARNING - ⚠️ None of the configured pairs are available in PyQuotex
2025-08-07 07:41:32,133 - services.data_service - INFO - 📊 Starting data collection cycle...
2025-08-07 07:41:33,008 - services.data_service - INFO - ✅ MongoDB connected successfully
2025-08-07 07:41:33,009 - services.data_service - INFO - 📊 Configured trading pairs in database: ['USD/BRL(OTC)', 'NZD/CAD(OTC)', 'USD/BDT(OTC)', 'USD/EGP(OTC)']
2025-08-07 07:41:33,009 - services.data_service - INFO - 📊 Configured trading pairs for PyQuotex: ['USDBRL', 'NZDCAD', 'USDBDT', 'USDEGP']
2025-08-07 07:41:33,009 - services.data_service - INFO - 📡 WebSocket broadcaster configured
2025-08-07 07:41:37,655 - services.data_service - INFO - ✅ Collection successful: 1 candles collected
2025-08-07 07:41:37,658 - services.data_service - INFO -   📈 NZD/CAD(OTC): down | O:0.81576 C:0.81566 | Change: -0.00010
2025-08-07 07:41:38,172 - services.data_service - INFO - 📊 Database: 398 total candles
2025-08-07 07:41:38,173 - services.data_service - INFO - ⏳ Next collection in 54.0s...
2025-08-07 07:42:32,147 - services.data_service - INFO - 📊 Starting data collection cycle...
2025-08-07 07:42:38,187 - services.data_service - INFO - ✅ Collection successful: 1 candles collected
2025-08-07 07:42:38,187 - services.data_service - INFO -   📈 NZD/CAD(OTC): up | O:0.81566 C:0.81576 | Change: +0.00010
2025-08-07 07:42:38,697 - services.data_service - INFO - 📊 Database: 399 total candles
2025-08-07 07:42:38,697 - services.data_service - INFO - ⏳ Next collection in 53.5s...
2025-08-07 07:43:32,160 - services.data_service - INFO - 📊 Starting data collection cycle...
2025-08-07 07:43:38,393 - services.data_service - INFO - ✅ Collection successful: 1 candles collected
2025-08-07 07:43:38,393 - services.data_service - INFO -   📈 NZD/CAD(OTC): down | O:0.81576 C:0.81567 | Change: -0.00009
2025-08-07 07:43:38,899 - services.data_service - INFO - 📊 Database: 400 total candles
2025-08-07 07:43:38,900 - services.data_service - INFO - ⏳ Next collection in 53.3s...
2025-08-07 07:44:32,173 - services.data_service - INFO - 📊 Starting data collection cycle...
2025-08-07 07:44:37,720 - services.data_service - INFO - ✅ Collection successful: 1 candles collected
2025-08-07 07:44:37,720 - services.data_service - INFO -   📈 NZD/CAD(OTC): down | O:0.81567 C:0.81563 | Change: -0.00004
2025-08-07 07:44:38,219 - services.data_service - INFO - 📊 Database: 401 total candles
2025-08-07 07:44:38,220 - services.data_service - INFO - ⏳ Next collection in 54.0s...
2025-08-07 07:45:24,945 - services.data_service - INFO - 🛑 Received signal 2. Initiating graceful shutdown...
2025-08-07 07:45:24,946 - services.data_service - INFO - 🛑 Received signal 2. Initiating graceful shutdown...
2025-08-07 07:45:28,231 - services.data_service - INFO - 🛑 Shutting down Continuous Data Service...
2025-08-07 07:45:29,764 - services.data_service - INFO - 📊 Service Statistics:
2025-08-07 07:45:29,765 - services.data_service - INFO -   🕐 Uptime: 0.05 hours
2025-08-07 07:45:29,765 - services.data_service - INFO -   📈 Collections: 4 total, 4 successful
2025-08-07 07:45:29,765 - services.data_service - INFO -   ✅ Success rate: 100.0%
2025-08-07 07:45:29,765 - services.data_service - INFO -   🔄 Reconnections: 0
2025-08-07 07:45:29,766 - services.data_service - INFO -   ⏰ Last collection: 0.9 minutes ago
2025-08-07 07:45:29,766 - services.data_service - INFO - ✅ Service shutdown complete
2025-08-07 07:46:30,108 - services.data_service - INFO - 🚀 Initializing Continuous Data Service...
2025-08-07 07:46:30,108 - services.data_service - INFO - 🔌 Connecting to MongoDB...
2025-08-07 07:46:34,737 - services.data_service - INFO - ✅ MongoDB connected successfully
2025-08-07 07:46:34,740 - services.data_service - INFO - 📊 Configured trading pairs in database: ['USD/BRL(OTC)', 'NZD/CAD(OTC)', 'USD/BDT(OTC)', 'USD/EGP(OTC)']
2025-08-07 07:46:34,740 - services.data_service - INFO - 📊 Configured trading pairs for PyQuotex: ['USDBRL', 'NZDCAD', 'USDBDT', 'USDEGP']
2025-08-07 07:46:34,756 - services.data_service - INFO - 🔄 Starting continuous data collection...
2025-08-07 07:46:34,757 - services.data_service - INFO - 🔌 Connecting to PyQuotex (attempt 1/5)...
2025-08-07 07:46:39,458 - services.data_service - INFO - 🚀 Initializing Continuous Data Service...
2025-08-07 07:46:39,458 - services.data_service - INFO - 🔌 Connecting to MongoDB...
2025-08-07 07:46:41,951 - services.data_service - INFO - ✅ Connected to PyQuotex successfully
2025-08-07 07:46:41,952 - services.data_service - INFO - 📊 Available pairs in PyQuotex: ['ADAUSD_otc', 'APTUSD_otc', 'ARBUSD_otc', 'ATOUSD_otc', 'AUDCAD', 'AUDCAD_otc', 'AUDCHF', 'AUDCHF_otc', 'AUDJPY', 'AUDJPY_otc', 'AUDNZD_otc', 'AUDUSD', 'AUDUSD_otc', 'AVAUSD_otc', 'AXJAUD', 'AXP_otc', 'AXSUSD_otc', 'BA_otc', 'BCHUSD_otc', 'BEAUSD_otc', 'BNBUSD_otc', 'BONUSD_otc', 'BRLUSD_otc', 'BTCUSD_otc', 'CADCHF_otc', 'CADJPY', 'CADJPY_otc', 'CHFJPY', 'CHFJPY_otc', 'CHIA50', 'DASUSD_otc', 'DJIUSD', 'DOGUSD_otc', 'DOTUSD_otc', 'ETCUSD_otc', 'ETHUSD_otc', 'EURAUD', 'EURAUD_otc', 'EURCAD', 'EURCAD_otc', 'EURCHF', 'EURCHF_otc', 'EURGBP', 'EURGBP_otc', 'EURJPY', 'EURJPY_otc', 'EURNZD_otc', 'EURSGD_otc', 'EURUSD', 'EURUSD_otc', 'F40EUR', 'FB_otc', 'FLOUSD_otc', 'FTSGBP', 'GALUSD_otc', 'GBPAUD', 'GBPAUD_otc', 'GBPCAD', 'GBPCAD_otc', 'GBPCHF', 'GBPCHF_otc', 'GBPJPY', 'GBPJPY_otc', 'GBPNZD_otc', 'GBPUSD', 'GBPUSD_otc', 'HMSUSD_otc', 'HSIHKD', 'IBXEUR', 'INTC_otc', 'JNJ_otc', 'JPXJPY', 'LINUSD_otc', 'LTCUSD_otc', 'MANUSD_otc', 'MCD_otc', 'MELUSD_otc', 'MSFT_otc', 'NDXUSD', 'NOTUSD_otc', 'NZDCAD_otc', 'NZDCHF_otc', 'NZDJPY_otc', 'NZDUSD_otc', 'PEPUSD_otc', 'PFE_otc', 'SHIUSD_otc', 'SOLUSD_otc', 'STXEUR', 'TIAUSD_otc', 'TONUSD_otc', 'TRUUSD_otc', 'TRXUSD_otc', 'UKBrent_otc', 'USCrude_otc', 'USDARS_otc', 'USDBDT_otc', 'USDCAD', 'USDCAD_otc', 'USDCHF', 'USDCHF_otc', 'USDCOP_otc', 'USDDZD_otc', 'USDEGP_otc', 'USDIDR_otc', 'USDINR_otc', 'USDJPY', 'USDJPY_otc', 'USDMXN_otc', 'USDNGN_otc', 'USDPHP_otc', 'USDPKR_otc', 'USDTRY_otc', 'USDZAR_otc', 'WIFUSD_otc', 'XAGUSD', 'XAGUSD_otc', 'XAUUSD', 'XAUUSD_otc', 'XRPUSD_otc', 'ZECUSD_otc']
2025-08-07 07:46:41,952 - services.data_service - WARNING - ⚠️ Trading pair not available in PyQuotex: USDBRL
2025-08-07 07:46:41,952 - services.data_service - WARNING - ⚠️ Trading pair not available in PyQuotex: NZDCAD
2025-08-07 07:46:41,952 - services.data_service - WARNING - ⚠️ Trading pair not available in PyQuotex: USDBDT
2025-08-07 07:46:41,952 - services.data_service - WARNING - ⚠️ Trading pair not available in PyQuotex: USDEGP
2025-08-07 07:46:41,952 - services.data_service - WARNING - ⚠️ None of the configured pairs were found in the available pairs list
2025-08-07 07:46:41,953 - services.data_service - INFO - 📊 Continuing with configured pairs: ['USDBRL', 'NZDCAD', 'USDBDT', 'USDEGP']
2025-08-07 07:46:41,953 - services.data_service - INFO - 📊 Starting data collection cycle...
2025-08-07 07:46:42,386 - services.data_service - INFO - ✅ MongoDB connected successfully
2025-08-07 07:46:42,389 - services.data_service - INFO - 📊 Configured trading pairs in database: ['USD/BRL(OTC)', 'NZD/CAD(OTC)', 'USD/BDT(OTC)', 'USD/EGP(OTC)']
2025-08-07 07:46:42,390 - services.data_service - INFO - 📊 Configured trading pairs for PyQuotex: ['USDBRL', 'NZDCAD', 'USDBDT', 'USDEGP']
2025-08-07 07:46:42,391 - services.data_service - INFO - 📡 WebSocket broadcaster configured
2025-08-07 07:46:48,155 - services.data_service - INFO - ✅ Collection successful: 3 candles collected
2025-08-07 07:46:48,155 - services.data_service - INFO -   📈 NZD/CAD(OTC): down | O:0.81556 C:0.81546 | Change: -0.00010
2025-08-07 07:46:48,155 - services.data_service - INFO -   📈 USD/BDT(OTC): up | O:126.54900 C:126.60800 | Change: +0.05900
2025-08-07 07:46:48,155 - services.data_service - INFO -   📈 USD/EGP(OTC): up | O:51.00730 C:51.01130 | Change: +0.00400
2025-08-07 07:46:48,659 - services.data_service - INFO - 📊 Database: 404 total candles
2025-08-07 07:46:48,659 - services.data_service - INFO - ⏳ Next collection in 53.3s...
2025-08-07 07:47:41,964 - services.data_service - INFO - 📊 Starting data collection cycle...
2025-08-07 07:47:48,370 - services.data_service - INFO - ✅ Collection successful: 3 candles collected
2025-08-07 07:47:48,372 - services.data_service - INFO -   📈 NZD/CAD(OTC): up | O:0.81546 C:0.81551 | Change: +0.00005
2025-08-07 07:47:48,372 - services.data_service - INFO -   📈 USD/BDT(OTC): up | O:126.60800 C:126.61200 | Change: +0.00400
2025-08-07 07:47:48,374 - services.data_service - INFO -   📈 USD/EGP(OTC): up | O:51.01130 C:51.01250 | Change: +0.00120
2025-08-07 07:47:48,884 - services.data_service - INFO - 📊 Database: 407 total candles
2025-08-07 07:47:48,884 - services.data_service - INFO - ⏳ Next collection in 53.1s...
2025-08-07 07:48:41,976 - services.data_service - INFO - 📊 Starting data collection cycle...
2025-08-07 07:48:48,364 - services.data_service - INFO - ✅ Collection successful: 3 candles collected
2025-08-07 07:48:48,366 - services.data_service - INFO -   📈 NZD/CAD(OTC): down | O:0.81551 C:0.81551 | Change: +0.00000
2025-08-07 07:48:48,366 - services.data_service - INFO -   📈 USD/BDT(OTC): up | O:126.61200 C:126.63500 | Change: +0.02300
2025-08-07 07:48:48,366 - services.data_service - INFO -   📈 USD/EGP(OTC): down | O:51.01250 C:51.01030 | Change: -0.00220
2025-08-07 07:48:48,920 - services.data_service - INFO - 📊 Database: 410 total candles
2025-08-07 07:48:48,920 - services.data_service - INFO - ⏳ Next collection in 53.1s...
2025-08-07 07:49:41,987 - services.data_service - INFO - 📊 Starting data collection cycle...
2025-08-07 07:49:48,599 - services.data_service - INFO - ✅ Collection successful: 3 candles collected
2025-08-07 07:49:48,600 - services.data_service - INFO -   📈 NZD/CAD(OTC): down | O:0.81551 C:0.81549 | Change: -0.00002
2025-08-07 07:49:48,600 - services.data_service - INFO -   📈 USD/BDT(OTC): down | O:126.63500 C:126.60800 | Change: -0.02700
2025-08-07 07:49:48,600 - services.data_service - INFO -   📈 USD/EGP(OTC): up | O:51.01030 C:51.01240 | Change: +0.00210
2025-08-07 07:49:49,098 - services.data_service - INFO - 📊 Database: 413 total candles
2025-08-07 07:49:49,099 - services.data_service - INFO - ⏳ Next collection in 52.9s...
2025-08-07 07:50:41,998 - services.data_service - INFO - 📊 Starting data collection cycle...
2025-08-07 07:50:48,305 - services.data_service - INFO - ✅ Collection successful: 3 candles collected
2025-08-07 07:50:48,305 - services.data_service - INFO -   📈 NZD/CAD(OTC): down | O:0.81549 C:0.81543 | Change: -0.00006
2025-08-07 07:50:48,305 - services.data_service - INFO -   📈 USD/BDT(OTC): down | O:126.61200 C:126.60900 | Change: -0.00300
2025-08-07 07:50:48,305 - services.data_service - INFO -   📈 USD/EGP(OTC): down | O:51.01250 C:51.01000 | Change: -0.00250
2025-08-07 07:50:48,795 - services.data_service - INFO - 📊 Database: 416 total candles
2025-08-07 07:50:48,796 - services.data_service - INFO - ⏳ Next collection in 53.2s...
2025-08-07 07:51:42,010 - services.data_service - INFO - 📊 Starting data collection cycle...
2025-08-07 07:51:48,310 - services.data_service - INFO - ✅ Collection successful: 3 candles collected
2025-08-07 07:51:48,310 - services.data_service - INFO -   📈 NZD/CAD(OTC): down | O:0.81543 C:0.81539 | Change: -0.00004
2025-08-07 07:51:48,310 - services.data_service - INFO -   📈 USD/BDT(OTC): down | O:126.61100 C:126.58200 | Change: -0.02900
2025-08-07 07:51:48,310 - services.data_service - INFO -   📈 USD/EGP(OTC): down | O:51.01000 C:51.01000 | Change: +0.00000
2025-08-07 07:51:48,802 - services.data_service - INFO - 📊 Database: 419 total candles
2025-08-07 07:51:48,802 - services.data_service - INFO - ⏳ Next collection in 53.2s...
2025-08-07 07:52:42,024 - services.data_service - INFO - 📊 Starting data collection cycle...
2025-08-07 07:52:48,429 - services.data_service - INFO - ✅ Collection successful: 3 candles collected
2025-08-07 07:52:48,429 - services.data_service - INFO -   📈 NZD/CAD(OTC): up | O:0.81539 C:0.81544 | Change: +0.00005
2025-08-07 07:52:48,429 - services.data_service - INFO -   📈 USD/BDT(OTC): up | O:126.58200 C:126.62000 | Change: +0.03800
2025-08-07 07:52:48,429 - services.data_service - INFO -   📈 USD/EGP(OTC): down | O:51.01000 C:51.00770 | Change: -0.00230
2025-08-07 07:52:48,925 - services.data_service - INFO - 📊 Database: 422 total candles
2025-08-07 07:52:48,925 - services.data_service - INFO - ⏳ Next collection in 53.1s...
2025-08-07 07:52:52,071 - services.data_service - INFO - 🛑 Received signal 2. Initiating graceful shutdown...
2025-08-07 07:52:52,072 - services.data_service - INFO - 🛑 Received signal 2. Initiating graceful shutdown...
2025-08-07 07:52:53,926 - services.data_service - INFO - 🛑 Shutting down Continuous Data Service...
2025-08-07 07:52:55,472 - services.data_service - INFO - 📊 Service Statistics:
2025-08-07 07:52:55,473 - services.data_service - INFO -   🕐 Uptime: 0.10 hours
2025-08-07 07:52:55,473 - services.data_service - INFO -   📈 Collections: 7 total, 7 successful
2025-08-07 07:52:55,473 - services.data_service - INFO -   ✅ Success rate: 100.0%
2025-08-07 07:52:55,473 - services.data_service - INFO -   🔄 Reconnections: 0
2025-08-07 07:52:55,473 - services.data_service - INFO -   ⏰ Last collection: 0.1 minutes ago
2025-08-07 07:52:55,473 - services.data_service - INFO - ✅ Service shutdown complete
2025-08-07 07:53:27,946 - services.data_service - INFO - 🚀 Initializing Continuous Data Service...
2025-08-07 07:53:27,946 - services.data_service - INFO - 🔌 Connecting to MongoDB...
2025-08-07 07:53:31,234 - services.data_service - INFO - ✅ MongoDB connected successfully
2025-08-07 07:53:31,235 - services.data_service - INFO - 📊 Configured trading pairs in database: ['USD/BRL(OTC)', 'NZD/CAD(OTC)', 'USD/BDT(OTC)', 'USD/EGP(OTC)']
2025-08-07 07:53:31,235 - services.data_service - INFO - 📊 Configured trading pairs for PyQuotex: ['USDBRL', 'NZDCAD', 'USDBDT', 'USDEGP']
2025-08-07 07:53:31,269 - services.data_service - INFO - 🔄 Starting continuous data collection...
2025-08-07 07:53:31,270 - services.data_service - INFO - 🔌 Connecting to PyQuotex (attempt 1/5)...
2025-08-07 07:53:35,671 - services.data_service - INFO - 🚀 Initializing Continuous Data Service...
2025-08-07 07:53:35,672 - services.data_service - INFO - 🔌 Connecting to MongoDB...
2025-08-07 07:53:37,863 - services.data_service - INFO - ✅ Connected to PyQuotex successfully
2025-08-07 07:53:37,864 - services.data_service - INFO - 📊 Available pairs in PyQuotex: ['ADAUSD_otc', 'APTUSD_otc', 'ARBUSD_otc', 'ATOUSD_otc', 'AUDCAD', 'AUDCAD_otc', 'AUDCHF', 'AUDCHF_otc', 'AUDJPY', 'AUDJPY_otc', 'AUDNZD_otc', 'AUDUSD', 'AUDUSD_otc', 'AVAUSD_otc', 'AXJAUD', 'AXP_otc', 'AXSUSD_otc', 'BA_otc', 'BCHUSD_otc', 'BEAUSD_otc', 'BNBUSD_otc', 'BONUSD_otc', 'BRLUSD_otc', 'BTCUSD_otc', 'CADCHF_otc', 'CADJPY', 'CADJPY_otc', 'CHFJPY', 'CHFJPY_otc', 'CHIA50', 'DASUSD_otc', 'DJIUSD', 'DOGUSD_otc', 'DOTUSD_otc', 'ETCUSD_otc', 'ETHUSD_otc', 'EURAUD', 'EURAUD_otc', 'EURCAD', 'EURCAD_otc', 'EURCHF', 'EURCHF_otc', 'EURGBP', 'EURGBP_otc', 'EURJPY', 'EURJPY_otc', 'EURNZD_otc', 'EURSGD_otc', 'EURUSD', 'EURUSD_otc', 'F40EUR', 'FB_otc', 'FLOUSD_otc', 'FTSGBP', 'GALUSD_otc', 'GBPAUD', 'GBPAUD_otc', 'GBPCAD', 'GBPCAD_otc', 'GBPCHF', 'GBPCHF_otc', 'GBPJPY', 'GBPJPY_otc', 'GBPNZD_otc', 'GBPUSD', 'GBPUSD_otc', 'HMSUSD_otc', 'HSIHKD', 'IBXEUR', 'INTC_otc', 'JNJ_otc', 'JPXJPY', 'LINUSD_otc', 'LTCUSD_otc', 'MANUSD_otc', 'MCD_otc', 'MELUSD_otc', 'MSFT_otc', 'NDXUSD', 'NOTUSD_otc', 'NZDCAD_otc', 'NZDCHF_otc', 'NZDJPY_otc', 'NZDUSD_otc', 'PEPUSD_otc', 'PFE_otc', 'SHIUSD_otc', 'SOLUSD_otc', 'STXEUR', 'TIAUSD_otc', 'TONUSD_otc', 'TRUUSD_otc', 'TRXUSD_otc', 'UKBrent_otc', 'USCrude_otc', 'USDARS_otc', 'USDBDT_otc', 'USDCAD', 'USDCAD_otc', 'USDCHF', 'USDCHF_otc', 'USDCOP_otc', 'USDDZD_otc', 'USDEGP_otc', 'USDIDR_otc', 'USDINR_otc', 'USDJPY', 'USDJPY_otc', 'USDMXN_otc', 'USDNGN_otc', 'USDPHP_otc', 'USDPKR_otc', 'USDTRY_otc', 'USDZAR_otc', 'WIFUSD_otc', 'XAGUSD', 'XAGUSD_otc', 'XAUUSD', 'XAUUSD_otc', 'XRPUSD_otc', 'ZECUSD_otc']
2025-08-07 07:53:37,864 - services.data_service - WARNING - ⚠️ Trading pair not available in PyQuotex: USDBRL
2025-08-07 07:53:37,864 - services.data_service - WARNING - ⚠️ Trading pair not available in PyQuotex: NZDCAD
2025-08-07 07:53:37,864 - services.data_service - WARNING - ⚠️ Trading pair not available in PyQuotex: USDBDT
2025-08-07 07:53:37,865 - services.data_service - WARNING - ⚠️ Trading pair not available in PyQuotex: USDEGP
2025-08-07 07:53:37,865 - services.data_service - WARNING - ⚠️ None of the configured pairs were found in the available pairs list
2025-08-07 07:53:37,865 - services.data_service - INFO - 📊 Continuing with configured pairs: ['USDBRL', 'NZDCAD', 'USDBDT', 'USDEGP']
2025-08-07 07:53:37,865 - services.data_service - INFO - 📊 Starting data collection cycle...
2025-08-07 07:53:38,809 - services.data_service - INFO - ✅ MongoDB connected successfully
2025-08-07 07:53:38,810 - services.data_service - INFO - 📊 Configured trading pairs in database: ['USD/BRL(OTC)', 'NZD/CAD(OTC)', 'USD/BDT(OTC)', 'USD/EGP(OTC)']
2025-08-07 07:53:38,810 - services.data_service - INFO - 📊 Configured trading pairs for PyQuotex: ['USDBRL', 'NZDCAD', 'USDBDT', 'USDEGP']
2025-08-07 07:53:38,810 - services.data_service - INFO - 📡 WebSocket broadcaster configured
2025-08-07 07:53:44,742 - services.data_service - INFO - ✅ Collection successful: 4 candles collected
2025-08-07 07:53:44,742 - services.data_service - INFO -   📈 USD/BRL(OTC): down | O:5.31717 C:5.31576 | Change: -0.00141
2025-08-07 07:53:44,742 - services.data_service - INFO -   📈 NZD/CAD(OTC): down | O:0.81544 C:0.81543 | Change: -0.00001
2025-08-07 07:53:44,742 - services.data_service - INFO -   📈 USD/BDT(OTC): down | O:126.62000 C:126.61900 | Change: -0.00100
2025-08-07 07:53:44,742 - services.data_service - INFO -   📈 USD/EGP(OTC): up | O:51.00770 C:51.00830 | Change: +0.00060
2025-08-07 07:53:45,247 - services.data_service - INFO - 📊 Database: 426 total candles
2025-08-07 07:53:45,248 - services.data_service - INFO - ⏳ Next collection in 52.6s...
2025-08-07 07:54:37,878 - services.data_service - INFO - 📊 Starting data collection cycle...
2025-08-07 07:54:44,737 - services.data_service - INFO - ✅ Collection successful: 4 candles collected
2025-08-07 07:54:44,738 - services.data_service - INFO -   📈 USD/BRL(OTC): down | O:5.31576 C:5.31491 | Change: -0.00085
2025-08-07 07:54:44,738 - services.data_service - INFO -   📈 NZD/CAD(OTC): up | O:0.81543 C:0.81544 | Change: +0.00001
2025-08-07 07:54:44,738 - services.data_service - INFO -   📈 USD/BDT(OTC): down | O:126.61700 C:126.57800 | Change: -0.03900
2025-08-07 07:54:44,738 - services.data_service - INFO -   📈 USD/EGP(OTC): up | O:51.00840 C:51.01010 | Change: +0.00170
2025-08-07 07:54:45,241 - services.data_service - INFO - 📊 Database: 430 total candles
2025-08-07 07:54:45,242 - services.data_service - INFO - ⏳ Next collection in 52.6s...
2025-08-07 07:55:37,892 - services.data_service - INFO - 📊 Starting data collection cycle...
2025-08-07 07:55:44,768 - services.data_service - INFO - ✅ Collection successful: 4 candles collected
2025-08-07 07:55:44,769 - services.data_service - INFO -   📈 USD/BRL(OTC): down | O:5.31491 C:5.31096 | Change: -0.00395
2025-08-07 07:55:44,769 - services.data_service - INFO -   📈 NZD/CAD(OTC): down | O:0.81544 C:0.81535 | Change: -0.00009
2025-08-07 07:55:44,769 - services.data_service - INFO -   📈 USD/BDT(OTC): down | O:126.57800 C:126.57800 | Change: +0.00000
2025-08-07 07:55:44,769 - services.data_service - INFO -   📈 USD/EGP(OTC): down | O:51.01020 C:51.00570 | Change: -0.00450
2025-08-07 07:55:45,277 - services.data_service - INFO - 📊 Database: 434 total candles
2025-08-07 07:55:45,277 - services.data_service - INFO - ⏳ Next collection in 52.6s...
2025-08-07 07:56:37,902 - services.data_service - INFO - 📊 Starting data collection cycle...
2025-08-07 07:56:44,753 - services.data_service - INFO - ✅ Collection successful: 4 candles collected
2025-08-07 07:56:44,753 - services.data_service - INFO -   📈 USD/BRL(OTC): down | O:5.31039 C:5.30617 | Change: -0.00423
2025-08-07 07:56:44,753 - services.data_service - INFO -   📈 NZD/CAD(OTC): up | O:0.81535 C:0.81539 | Change: +0.00004
2025-08-07 07:56:44,754 - services.data_service - INFO -   📈 USD/BDT(OTC): down | O:126.58000 C:126.57600 | Change: -0.00400
2025-08-07 07:56:44,754 - services.data_service - INFO -   📈 USD/EGP(OTC): up | O:51.00590 C:51.00730 | Change: +0.00140
2025-08-07 07:56:45,256 - services.data_service - INFO - 📊 Database: 438 total candles
2025-08-07 07:56:45,256 - services.data_service - INFO - ⏳ Next collection in 52.6s...
2025-08-07 07:57:37,915 - services.data_service - INFO - 📊 Starting data collection cycle...
2025-08-07 07:57:44,682 - services.data_service - INFO - ✅ Collection successful: 4 candles collected
2025-08-07 07:57:44,682 - services.data_service - INFO -   📈 USD/BRL(OTC): down | O:5.30983 C:5.30532 | Change: -0.00451
2025-08-07 07:57:44,682 - services.data_service - INFO -   📈 NZD/CAD(OTC): up | O:0.81539 C:0.81550 | Change: +0.00011
2025-08-07 07:57:44,682 - services.data_service - INFO -   📈 USD/BDT(OTC): up | O:126.57600 C:126.59000 | Change: +0.01400
2025-08-07 07:57:44,682 - services.data_service - INFO -   📈 USD/EGP(OTC): down | O:51.00750 C:51.00460 | Change: -0.00290
2025-08-07 07:57:45,193 - services.data_service - INFO - 📊 Database: 442 total candles
2025-08-07 07:57:45,194 - services.data_service - INFO - ⏳ Next collection in 52.7s...
2025-08-07 07:58:37,924 - services.data_service - INFO - 📊 Starting data collection cycle...
2025-08-07 07:58:44,674 - services.data_service - INFO - ✅ Collection successful: 4 candles collected
2025-08-07 07:58:44,679 - services.data_service - INFO -   📈 USD/BRL(OTC): up | O:5.30532 C:5.31350 | Change: +0.00818
2025-08-07 07:58:44,681 - services.data_service - INFO -   📈 NZD/CAD(OTC): down | O:0.81550 C:0.81546 | Change: -0.00004
2025-08-07 07:58:44,682 - services.data_service - INFO -   📈 USD/BDT(OTC): down | O:126.59000 C:126.57200 | Change: -0.01800
2025-08-07 07:58:44,682 - services.data_service - INFO -   📈 USD/EGP(OTC): up | O:51.00460 C:51.00650 | Change: +0.00190
2025-08-07 07:58:45,180 - services.data_service - INFO - 📊 Database: 446 total candles
2025-08-07 07:58:45,180 - services.data_service - INFO - ⏳ Next collection in 52.7s...
2025-08-07 07:59:37,937 - services.data_service - INFO - 📊 Starting data collection cycle...
2025-08-07 07:59:45,428 - services.data_service - INFO - ✅ Collection successful: 4 candles collected
2025-08-07 07:59:45,429 - services.data_service - INFO -   📈 USD/BRL(OTC): up | O:5.31350 C:5.31830 | Change: +0.00480
2025-08-07 07:59:45,429 - services.data_service - INFO -   📈 NZD/CAD(OTC): up | O:0.81546 C:0.81551 | Change: +0.00005
2025-08-07 07:59:45,429 - services.data_service - INFO -   📈 USD/BDT(OTC): up | O:126.57200 C:126.60500 | Change: +0.03300
2025-08-07 07:59:45,429 - services.data_service - INFO -   📈 USD/EGP(OTC): down | O:51.00650 C:51.00350 | Change: -0.00300
2025-08-07 07:59:45,942 - services.data_service - INFO - 📊 Database: 450 total candles
2025-08-07 07:59:45,942 - services.data_service - INFO - ⏳ Next collection in 52.0s...
2025-08-07 08:00:21,748 - services.data_service - INFO - 🛑 Received signal 2. Initiating graceful shutdown...
2025-08-07 08:00:21,748 - services.data_service - INFO - 🛑 Received signal 2. Initiating graceful shutdown...
2025-08-07 08:00:25,952 - services.data_service - INFO - 🛑 Shutting down Continuous Data Service...
2025-08-07 08:00:27,494 - services.data_service - INFO - 📊 Service Statistics:
2025-08-07 08:00:27,494 - services.data_service - INFO -   🕐 Uptime: 0.10 hours
2025-08-07 08:00:27,495 - services.data_service - INFO -   📈 Collections: 7 total, 7 successful
2025-08-07 08:00:27,495 - services.data_service - INFO -   ✅ Success rate: 100.0%
2025-08-07 08:00:27,495 - services.data_service - INFO -   🔄 Reconnections: 0
2025-08-07 08:00:27,495 - services.data_service - INFO -   ⏰ Last collection: 0.7 minutes ago
2025-08-07 08:00:27,495 - services.data_service - INFO - ✅ Service shutdown complete
2025-08-07 08:00:41,605 - services.data_service - INFO - 🚀 Initializing Continuous Data Service...
2025-08-07 08:00:41,605 - services.data_service - INFO - 🔌 Connecting to MongoDB...
2025-08-07 08:00:45,047 - services.data_service - INFO - ✅ MongoDB connected successfully
2025-08-07 08:00:45,048 - services.data_service - INFO - 📊 Configured trading pairs in database: ['USD/BRL(OTC)', 'NZD/CAD(OTC)', 'USD/BDT(OTC)', 'USD/EGP(OTC)']
2025-08-07 08:00:45,048 - services.data_service - INFO - 📊 Configured trading pairs for PyQuotex: ['USDBRL', 'NZDCAD', 'USDBDT', 'USDEGP']
2025-08-07 08:00:45,069 - services.data_service - INFO - 🔄 Starting continuous data collection...
2025-08-07 08:00:45,069 - services.data_service - INFO - 🔌 Connecting to PyQuotex (attempt 1/5)...
2025-08-07 08:00:50,840 - services.data_service - INFO - 🚀 Initializing Continuous Data Service...
2025-08-07 08:00:50,840 - services.data_service - INFO - 🔌 Connecting to MongoDB...
2025-08-07 08:00:51,990 - services.data_service - INFO - ✅ Connected to PyQuotex successfully
2025-08-07 08:00:51,991 - services.data_service - INFO - 📊 Available pairs in PyQuotex: ['ADAUSD_otc', 'APTUSD_otc', 'ARBUSD_otc', 'ATOUSD_otc', 'AUDCAD', 'AUDCAD_otc', 'AUDCHF', 'AUDCHF_otc', 'AUDJPY', 'AUDJPY_otc', 'AUDNZD_otc', 'AUDUSD', 'AUDUSD_otc', 'AVAUSD_otc', 'AXJAUD', 'AXP_otc', 'AXSUSD_otc', 'BA_otc', 'BCHUSD_otc', 'BEAUSD_otc', 'BNBUSD_otc', 'BONUSD_otc', 'BRLUSD_otc', 'BTCUSD_otc', 'CADCHF_otc', 'CADJPY', 'CADJPY_otc', 'CHFJPY', 'CHFJPY_otc', 'CHIA50', 'DASUSD_otc', 'DJIUSD', 'DOGUSD_otc', 'DOTUSD_otc', 'ETCUSD_otc', 'ETHUSD_otc', 'EURAUD', 'EURAUD_otc', 'EURCAD', 'EURCAD_otc', 'EURCHF', 'EURCHF_otc', 'EURGBP', 'EURGBP_otc', 'EURJPY', 'EURJPY_otc', 'EURNZD_otc', 'EURSGD_otc', 'EURUSD', 'EURUSD_otc', 'F40EUR', 'FB_otc', 'FLOUSD_otc', 'FTSGBP', 'GALUSD_otc', 'GBPAUD', 'GBPAUD_otc', 'GBPCAD', 'GBPCAD_otc', 'GBPCHF', 'GBPCHF_otc', 'GBPJPY', 'GBPJPY_otc', 'GBPNZD_otc', 'GBPUSD', 'GBPUSD_otc', 'HMSUSD_otc', 'HSIHKD', 'IBXEUR', 'INTC_otc', 'JNJ_otc', 'JPXJPY', 'LINUSD_otc', 'LTCUSD_otc', 'MANUSD_otc', 'MCD_otc', 'MELUSD_otc', 'MSFT_otc', 'NDXUSD', 'NOTUSD_otc', 'NZDCAD_otc', 'NZDCHF_otc', 'NZDJPY_otc', 'NZDUSD_otc', 'PEPUSD_otc', 'PFE_otc', 'SHIUSD_otc', 'SOLUSD_otc', 'STXEUR', 'TIAUSD_otc', 'TONUSD_otc', 'TRUUSD_otc', 'TRXUSD_otc', 'UKBrent_otc', 'USCrude_otc', 'USDARS_otc', 'USDBDT_otc', 'USDCAD', 'USDCAD_otc', 'USDCHF', 'USDCHF_otc', 'USDCOP_otc', 'USDDZD_otc', 'USDEGP_otc', 'USDIDR_otc', 'USDINR_otc', 'USDJPY', 'USDJPY_otc', 'USDMXN_otc', 'USDNGN_otc', 'USDPHP_otc', 'USDPKR_otc', 'USDTRY_otc', 'USDZAR_otc', 'WIFUSD_otc', 'XAGUSD', 'XAGUSD_otc', 'XAUUSD', 'XAUUSD_otc', 'XRPUSD_otc', 'ZECUSD_otc']
2025-08-07 08:00:51,992 - services.data_service - WARNING - ⚠️ Trading pair not available in PyQuotex: USDBRL
2025-08-07 08:00:51,992 - services.data_service - WARNING - ⚠️ Trading pair not available in PyQuotex: NZDCAD
2025-08-07 08:00:51,992 - services.data_service - WARNING - ⚠️ Trading pair not available in PyQuotex: USDBDT
2025-08-07 08:00:51,992 - services.data_service - WARNING - ⚠️ Trading pair not available in PyQuotex: USDEGP
2025-08-07 08:00:51,992 - services.data_service - WARNING - ⚠️ None of the configured pairs were found in the available pairs list
2025-08-07 08:00:51,992 - services.data_service - INFO - 📊 Continuing with configured pairs: ['USDBRL', 'NZDCAD', 'USDBDT', 'USDEGP']
2025-08-07 08:00:51,992 - services.data_service - INFO - 📊 Starting data collection cycle...
2025-08-07 08:00:55,948 - services.data_service - INFO - ✅ MongoDB connected successfully
2025-08-07 08:00:55,949 - services.data_service - INFO - 📊 Configured trading pairs in database: ['USD/BRL(OTC)', 'NZD/CAD(OTC)', 'USD/BDT(OTC)', 'USD/EGP(OTC)']
2025-08-07 08:00:55,949 - services.data_service - INFO - 📊 Configured trading pairs for PyQuotex: ['USDBRL', 'NZDCAD', 'USDBDT', 'USDEGP']
2025-08-07 08:00:55,949 - services.data_service - INFO - 📡 WebSocket broadcaster configured
2025-08-07 08:00:59,180 - services.data_service - INFO - ✅ Collection successful: 4 candles collected
2025-08-07 08:00:59,181 - services.data_service - INFO -   📈 USD/BRL(OTC): up | O:5.31830 C:5.32453 | Change: +0.00623
2025-08-07 08:00:59,181 - services.data_service - INFO -   📈 NZD/CAD(OTC): up | O:0.81551 C:0.81567 | Change: +0.00016
2025-08-07 08:00:59,181 - services.data_service - INFO -   📈 USD/BDT(OTC): down | O:126.60500 C:126.59200 | Change: -0.01300
2025-08-07 08:00:59,182 - services.data_service - INFO -   📈 USD/EGP(OTC): up | O:51.00350 C:51.00570 | Change: +0.00220
2025-08-07 08:00:59,681 - services.data_service - INFO - 📊 Database: 454 total candles
2025-08-07 08:00:59,682 - services.data_service - INFO - ⏳ Next collection in 52.3s...
2025-08-07 08:01:52,004 - services.data_service - INFO - 📊 Starting data collection cycle...
2025-08-07 08:01:59,684 - services.data_service - INFO - ✅ Collection successful: 4 candles collected
2025-08-07 08:01:59,685 - services.data_service - INFO -   📈 USD/BRL(OTC): up | O:5.32453 C:5.32623 | Change: +0.00170
2025-08-07 08:01:59,685 - services.data_service - INFO -   📈 NZD/CAD(OTC): up | O:0.81567 C:0.81590 | Change: +0.00023
2025-08-07 08:01:59,685 - services.data_service - INFO -   📈 USD/BDT(OTC): down | O:126.59200 C:126.56200 | Change: -0.03000
2025-08-07 08:01:59,685 - services.data_service - INFO -   📈 USD/EGP(OTC): down | O:51.00560 C:51.00500 | Change: -0.00060
2025-08-07 08:02:00,174 - services.data_service - INFO - 📊 Database: 458 total candles
2025-08-07 08:02:00,174 - services.data_service - INFO - ⏳ Next collection in 51.8s...
2025-08-07 08:02:52,016 - services.data_service - INFO - 📊 Starting data collection cycle...
2025-08-07 08:02:59,896 - services.data_service - INFO - ✅ Collection successful: 4 candles collected
2025-08-07 08:02:59,897 - services.data_service - INFO -   📈 USD/BRL(OTC): down | O:5.32623 C:5.32000 | Change: -0.00623
2025-08-07 08:02:59,897 - services.data_service - INFO -   📈 NZD/CAD(OTC): down | O:0.81590 C:0.81583 | Change: -0.00007
2025-08-07 08:02:59,897 - services.data_service - INFO -   📈 USD/BDT(OTC): down | O:126.56200 C:126.54900 | Change: -0.01300
2025-08-07 08:02:59,897 - services.data_service - INFO -   📈 USD/EGP(OTC): down | O:51.00500 C:51.00290 | Change: -0.00210
2025-08-07 08:03:00,394 - services.data_service - INFO - 📊 Database: 462 total candles
2025-08-07 08:03:00,394 - services.data_service - INFO - ⏳ Next collection in 51.6s...
2025-08-07 08:03:52,027 - services.data_service - INFO - 📊 Starting data collection cycle...
2025-08-07 08:03:59,092 - services.data_service - INFO - ✅ Collection successful: 4 candles collected
2025-08-07 08:03:59,092 - services.data_service - INFO -   📈 USD/BRL(OTC): down | O:5.32000 C:5.30898 | Change: -0.01102
2025-08-07 08:03:59,093 - services.data_service - INFO -   📈 NZD/CAD(OTC): up | O:0.81583 C:0.81584 | Change: +0.00001
2025-08-07 08:03:59,093 - services.data_service - INFO -   📈 USD/BDT(OTC): up | O:126.54900 C:126.57500 | Change: +0.02600
2025-08-07 08:03:59,093 - services.data_service - INFO -   📈 USD/EGP(OTC): up | O:51.00290 C:51.00360 | Change: +0.00070
2025-08-07 08:03:59,624 - services.data_service - INFO - 📊 Database: 466 total candles
2025-08-07 08:03:59,624 - services.data_service - INFO - ⏳ Next collection in 52.4s...
2025-08-07 08:04:52,038 - services.data_service - INFO - 📊 Starting data collection cycle...
2025-08-07 08:04:59,298 - services.data_service - INFO - ✅ Collection successful: 4 candles collected
2025-08-07 08:04:59,299 - services.data_service - INFO -   📈 USD/BRL(OTC): up | O:5.30898 C:5.31180 | Change: +0.00282
2025-08-07 08:04:59,299 - services.data_service - INFO -   📈 NZD/CAD(OTC): up | O:0.81584 C:0.81588 | Change: +0.00004
2025-08-07 08:04:59,299 - services.data_service - INFO -   📈 USD/BDT(OTC): down | O:126.57500 C:126.54600 | Change: -0.02900
2025-08-07 08:04:59,299 - services.data_service - INFO -   📈 USD/EGP(OTC): up | O:51.00360 C:51.00370 | Change: +0.00010
2025-08-07 08:04:59,830 - services.data_service - INFO - 📊 Database: 470 total candles
2025-08-07 08:04:59,830 - services.data_service - INFO - ⏳ Next collection in 52.2s...
2025-08-07 08:05:52,050 - services.data_service - INFO - 📊 Starting data collection cycle...
2025-08-07 08:05:58,805 - services.data_service - INFO - ✅ Collection successful: 4 candles collected
2025-08-07 08:05:58,805 - services.data_service - INFO -   📈 USD/BRL(OTC): down | O:5.31180 C:5.30645 | Change: -0.00536
2025-08-07 08:05:58,805 - services.data_service - INFO -   📈 NZD/CAD(OTC): down | O:0.81588 C:0.81580 | Change: -0.00008
2025-08-07 08:05:58,805 - services.data_service - INFO -   📈 USD/BDT(OTC): up | O:126.54600 C:126.54700 | Change: +0.00100
2025-08-07 08:05:58,805 - services.data_service - INFO -   📈 USD/EGP(OTC): down | O:51.00370 C:51.00320 | Change: -0.00050
2025-08-07 08:05:59,328 - services.data_service - INFO - 📊 Database: 474 total candles
2025-08-07 08:05:59,328 - services.data_service - INFO - ⏳ Next collection in 52.7s...
2025-08-07 08:06:52,061 - services.data_service - INFO - 📊 Starting data collection cycle...
2025-08-07 08:06:59,036 - services.data_service - INFO - ✅ Collection successful: 4 candles collected
2025-08-07 08:06:59,036 - services.data_service - INFO -   📈 USD/BRL(OTC): down | O:5.30645 C:5.29829 | Change: -0.00815
2025-08-07 08:06:59,036 - services.data_service - INFO -   📈 NZD/CAD(OTC): down | O:0.81580 C:0.81580 | Change: +0.00000
2025-08-07 08:06:59,037 - services.data_service - INFO -   📈 USD/BDT(OTC): down | O:126.54700 C:126.52100 | Change: -0.02600
2025-08-07 08:06:59,038 - services.data_service - INFO -   📈 USD/EGP(OTC): down | O:51.00320 C:51.00110 | Change: -0.00210
2025-08-07 08:06:59,546 - services.data_service - INFO - 📊 Database: 478 total candles
2025-08-07 08:06:59,546 - services.data_service - INFO - ⏳ Next collection in 52.5s...
2025-08-07 08:07:52,075 - services.data_service - INFO - 📊 Starting data collection cycle...
2025-08-07 08:07:58,935 - services.data_service - INFO - ✅ Collection successful: 4 candles collected
2025-08-07 08:07:58,935 - services.data_service - INFO -   📈 USD/BRL(OTC): down | O:5.29829 C:5.28849 | Change: -0.00981
2025-08-07 08:07:58,935 - services.data_service - INFO -   📈 NZD/CAD(OTC): up | O:0.81580 C:0.81584 | Change: +0.00004
2025-08-07 08:07:58,936 - services.data_service - INFO -   📈 USD/BDT(OTC): down | O:126.52100 C:126.48300 | Change: -0.03800
2025-08-07 08:07:58,936 - services.data_service - INFO -   📈 USD/EGP(OTC): down | O:51.00110 C:51.00100 | Change: -0.00010
2025-08-07 08:07:59,604 - services.data_service - INFO - 📊 Database: 482 total candles
2025-08-07 08:07:59,605 - services.data_service - INFO - ⏳ Next collection in 52.5s...
2025-08-07 08:11:38,077 - services.data_service - INFO - 📊 Starting data collection cycle...
2025-08-07 08:12:25,962 - services.data_service - INFO - 🛑 Received signal 2. Initiating graceful shutdown...
2025-08-07 08:12:25,963 - services.data_service - INFO - 🛑 Received signal 2. Initiating graceful shutdown...
2025-08-07 08:14:23,429 - services.data_service - INFO - 🛑 Received signal 2. Initiating graceful shutdown...
2025-08-07 08:14:23,429 - services.data_service - INFO - 🛑 Received signal 2. Initiating graceful shutdown...
2025-08-07 08:14:33,008 - services.data_service - INFO - 🚀 Initializing Continuous Data Service...
2025-08-07 08:14:33,008 - services.data_service - INFO - 🔌 Connecting to MongoDB...
2025-08-07 08:14:40,592 - services.data_service - INFO - ✅ MongoDB connected successfully
2025-08-07 08:14:40,593 - services.data_service - INFO - 📊 Configured trading pairs in database: ['USD/BRL(OTC)', 'NZD/CAD(OTC)', 'USD/BDT(OTC)', 'USD/EGP(OTC)']
2025-08-07 08:14:40,593 - services.data_service - INFO - 📊 Configured trading pairs for PyQuotex: ['USDBRL', 'NZDCAD', 'USDBDT', 'USDEGP']
2025-08-07 08:14:40,617 - services.data_service - INFO - 🔄 Starting continuous data collection...
2025-08-07 08:14:40,617 - services.data_service - INFO - 🔌 Connecting to PyQuotex (attempt 1/5)...
2025-08-07 08:14:49,357 - services.data_service - INFO - 🚀 Initializing Continuous Data Service...
2025-08-07 08:14:49,358 - services.data_service - INFO - 🔌 Connecting to MongoDB...
2025-08-07 08:14:52,443 - services.data_service - INFO - ✅ Connected to PyQuotex successfully
2025-08-07 08:14:52,444 - services.data_service - INFO - 📊 Available pairs in PyQuotex: ['ADAUSD_otc', 'APTUSD_otc', 'ARBUSD_otc', 'ATOUSD_otc', 'AUDCAD', 'AUDCAD_otc', 'AUDCHF', 'AUDCHF_otc', 'AUDJPY', 'AUDJPY_otc', 'AUDNZD_otc', 'AUDUSD', 'AUDUSD_otc', 'AVAUSD_otc', 'AXJAUD', 'AXP_otc', 'AXSUSD_otc', 'BA_otc', 'BCHUSD_otc', 'BEAUSD_otc', 'BNBUSD_otc', 'BONUSD_otc', 'BRLUSD_otc', 'BTCUSD_otc', 'CADCHF_otc', 'CADJPY', 'CADJPY_otc', 'CHFJPY', 'CHFJPY_otc', 'CHIA50', 'DASUSD_otc', 'DJIUSD', 'DOGUSD_otc', 'DOTUSD_otc', 'ETCUSD_otc', 'ETHUSD_otc', 'EURAUD', 'EURAUD_otc', 'EURCAD', 'EURCAD_otc', 'EURCHF', 'EURCHF_otc', 'EURGBP', 'EURGBP_otc', 'EURJPY', 'EURJPY_otc', 'EURNZD_otc', 'EURSGD_otc', 'EURUSD', 'EURUSD_otc', 'F40EUR', 'FB_otc', 'FLOUSD_otc', 'FTSGBP', 'GALUSD_otc', 'GBPAUD', 'GBPAUD_otc', 'GBPCAD', 'GBPCAD_otc', 'GBPCHF', 'GBPCHF_otc', 'GBPJPY', 'GBPJPY_otc', 'GBPNZD_otc', 'GBPUSD', 'GBPUSD_otc', 'HMSUSD_otc', 'HSIHKD', 'IBXEUR', 'INTC_otc', 'JNJ_otc', 'JPXJPY', 'LINUSD_otc', 'LTCUSD_otc', 'MANUSD_otc', 'MCD_otc', 'MELUSD_otc', 'MSFT_otc', 'NDXUSD', 'NOTUSD_otc', 'NZDCAD_otc', 'NZDCHF_otc', 'NZDJPY_otc', 'NZDUSD_otc', 'PEPUSD_otc', 'PFE_otc', 'SHIUSD_otc', 'SOLUSD_otc', 'STXEUR', 'TIAUSD_otc', 'TONUSD_otc', 'TRUUSD_otc', 'TRXUSD_otc', 'UKBrent_otc', 'USCrude_otc', 'USDARS_otc', 'USDBDT_otc', 'USDCAD', 'USDCAD_otc', 'USDCHF', 'USDCHF_otc', 'USDCOP_otc', 'USDDZD_otc', 'USDEGP_otc', 'USDIDR_otc', 'USDINR_otc', 'USDJPY', 'USDJPY_otc', 'USDMXN_otc', 'USDNGN_otc', 'USDPHP_otc', 'USDPKR_otc', 'USDTRY_otc', 'USDZAR_otc', 'WIFUSD_otc', 'XAGUSD', 'XAGUSD_otc', 'XAUUSD', 'XAUUSD_otc', 'XRPUSD_otc', 'ZECUSD_otc']
2025-08-07 08:14:52,444 - services.data_service - WARNING - ⚠️ Trading pair not available in PyQuotex: USDBRL
2025-08-07 08:14:52,444 - services.data_service - WARNING - ⚠️ Trading pair not available in PyQuotex: NZDCAD
2025-08-07 08:14:52,445 - services.data_service - WARNING - ⚠️ Trading pair not available in PyQuotex: USDBDT
2025-08-07 08:14:52,445 - services.data_service - WARNING - ⚠️ Trading pair not available in PyQuotex: USDEGP
2025-08-07 08:14:52,445 - services.data_service - WARNING - ⚠️ None of the configured pairs were found in the available pairs list
2025-08-07 08:14:52,445 - services.data_service - INFO - 📊 Continuing with configured pairs: ['USDBRL', 'NZDCAD', 'USDBDT', 'USDEGP']
2025-08-07 08:14:52,445 - services.data_service - INFO - 📊 Starting data collection cycle...
2025-08-07 08:14:54,167 - services.data_service - INFO - ✅ MongoDB connected successfully
2025-08-07 08:14:54,168 - services.data_service - INFO - 📊 Configured trading pairs in database: ['USD/BRL(OTC)', 'NZD/CAD(OTC)', 'USD/BDT(OTC)', 'USD/EGP(OTC)']
2025-08-07 08:14:54,168 - services.data_service - INFO - 📊 Configured trading pairs for PyQuotex: ['USDBRL', 'NZDCAD', 'USDBDT', 'USDEGP']
2025-08-07 08:14:54,168 - services.data_service - INFO - 📡 WebSocket broadcaster configured
2025-08-07 08:15:00,749 - services.data_service - INFO - ✅ Collection successful: 4 candles collected
2025-08-07 08:15:00,750 - services.data_service - INFO -   📈 USD/BRL(OTC): up | O:5.27371 C:5.27732 | Change: +0.00362
2025-08-07 08:15:00,750 - services.data_service - INFO -   📈 NZD/CAD(OTC): down | O:0.81594 C:0.81587 | Change: -0.00007
2025-08-07 08:15:00,750 - services.data_service - INFO -   📈 USD/BDT(OTC): down | O:126.58400 C:126.53800 | Change: -0.04600
2025-08-07 08:15:00,751 - services.data_service - INFO -   📈 USD/EGP(OTC): up | O:50.99290 C:50.99340 | Change: +0.00050
2025-08-07 08:15:01,314 - services.data_service - INFO - 📊 Database: 486 total candles
2025-08-07 08:15:01,315 - services.data_service - INFO - ⏳ Next collection in 51.1s...
2025-08-07 08:15:52,457 - services.data_service - INFO - 📊 Starting data collection cycle...
2025-08-07 08:15:59,211 - services.data_service - INFO - ✅ Collection successful: 4 candles collected
2025-08-07 08:15:59,212 - services.data_service - INFO -   📈 USD/BRL(OTC): up | O:5.27704 C:5.28318 | Change: +0.00613
2025-08-07 08:15:59,212 - services.data_service - INFO -   📈 NZD/CAD(OTC): down | O:0.81587 C:0.81582 | Change: -0.00005
2025-08-07 08:15:59,212 - services.data_service - INFO -   📈 USD/BDT(OTC): up | O:126.53500 C:126.54400 | Change: +0.00900
2025-08-07 08:15:59,213 - services.data_service - INFO -   📈 USD/EGP(OTC): down | O:50.99340 C:50.99320 | Change: -0.00020
2025-08-07 08:15:59,769 - services.data_service - INFO - 📊 Database: 490 total candles
2025-08-07 08:15:59,770 - services.data_service - INFO - ⏳ Next collection in 52.7s...
2025-08-07 08:16:52,467 - services.data_service - INFO - 📊 Starting data collection cycle...
2025-08-07 08:16:59,740 - services.data_service - INFO - ✅ Collection successful: 4 candles collected
2025-08-07 08:16:59,743 - services.data_service - INFO -   📈 USD/BRL(OTC): down | O:5.28150 C:5.27482 | Change: -0.00669
2025-08-07 08:16:59,743 - services.data_service - INFO -   📈 NZD/CAD(OTC): down | O:0.81582 C:0.81582 | Change: +0.00000
2025-08-07 08:16:59,743 - services.data_service - INFO -   📈 USD/BDT(OTC): up | O:126.54400 C:126.56500 | Change: +0.02100
2025-08-07 08:16:59,743 - services.data_service - INFO -   📈 USD/EGP(OTC): up | O:50.99320 C:50.99390 | Change: +0.00070
2025-08-07 08:17:00,260 - services.data_service - INFO - 📊 Database: 494 total candles
2025-08-07 08:17:00,260 - services.data_service - INFO - ⏳ Next collection in 52.2s...
2025-08-07 08:17:52,479 - services.data_service - INFO - 📊 Starting data collection cycle...
2025-08-07 08:17:59,354 - services.data_service - INFO - ✅ Collection successful: 4 candles collected
2025-08-07 08:17:59,355 - services.data_service - INFO -   📈 USD/BRL(OTC): down | O:5.27426 C:5.27204 | Change: -0.00222
2025-08-07 08:17:59,355 - services.data_service - INFO -   📈 NZD/CAD(OTC): down | O:0.81582 C:0.81577 | Change: -0.00005
2025-08-07 08:17:59,355 - services.data_service - INFO -   📈 USD/BDT(OTC): up | O:126.56500 C:126.61000 | Change: +0.04500
2025-08-07 08:17:59,356 - services.data_service - INFO -   📈 USD/EGP(OTC): up | O:50.99410 C:50.99700 | Change: +0.00290
2025-08-07 08:17:59,958 - services.data_service - INFO - 📊 Database: 498 total candles
2025-08-07 08:17:59,958 - services.data_service - INFO - ⏳ Next collection in 52.5s...
2025-08-07 08:18:52,494 - services.data_service - INFO - 📊 Starting data collection cycle...
2025-08-07 08:18:59,251 - services.data_service - INFO - ✅ Collection successful: 4 candles collected
2025-08-07 08:18:59,251 - services.data_service - INFO -   📈 USD/BRL(OTC): down | O:5.27204 C:5.26704 | Change: -0.00500
2025-08-07 08:18:59,252 - services.data_service - INFO -   📈 NZD/CAD(OTC): down | O:0.81577 C:0.81558 | Change: -0.00019
2025-08-07 08:18:59,252 - services.data_service - INFO -   📈 USD/BDT(OTC): down | O:126.61000 C:126.60700 | Change: -0.00300
2025-08-07 08:18:59,252 - services.data_service - INFO -   📈 USD/EGP(OTC): up | O:50.99700 C:50.99960 | Change: +0.00260
2025-08-07 08:19:00,198 - services.data_service - INFO - 📊 Database: 502 total candles
2025-08-07 08:19:00,198 - services.data_service - INFO - ⏳ Next collection in 52.3s...
2025-08-07 08:19:52,505 - services.data_service - INFO - 📊 Starting data collection cycle...
2025-08-07 08:19:59,311 - services.data_service - INFO - ✅ Collection successful: 4 candles collected
2025-08-07 08:19:59,312 - services.data_service - INFO -   📈 USD/BRL(OTC): up | O:5.26704 C:5.27259 | Change: +0.00555
2025-08-07 08:19:59,312 - services.data_service - INFO -   📈 NZD/CAD(OTC): up | O:0.81558 C:0.81570 | Change: +0.00012
2025-08-07 08:19:59,312 - services.data_service - INFO -   📈 USD/BDT(OTC): down | O:126.60700 C:126.57300 | Change: -0.03400
2025-08-07 08:19:59,312 - services.data_service - INFO -   📈 USD/EGP(OTC): down | O:50.99960 C:50.99500 | Change: -0.00460
2025-08-07 08:19:59,830 - services.data_service - INFO - 📊 Database: 506 total candles
2025-08-07 08:19:59,832 - services.data_service - INFO - ⏳ Next collection in 52.7s...
2025-08-07 08:20:52,516 - services.data_service - INFO - 📊 Starting data collection cycle...
2025-08-07 08:20:59,272 - services.data_service - INFO - ✅ Collection successful: 4 candles collected
2025-08-07 08:20:59,272 - services.data_service - INFO -   📈 USD/BRL(OTC): up | O:5.27204 C:5.27482 | Change: +0.00278
2025-08-07 08:20:59,272 - services.data_service - INFO -   📈 NZD/CAD(OTC): down | O:0.81570 C:0.81561 | Change: -0.00009
2025-08-07 08:20:59,272 - services.data_service - INFO -   📈 USD/BDT(OTC): up | O:126.57200 C:126.60900 | Change: +0.03700
2025-08-07 08:20:59,273 - services.data_service - INFO -   📈 USD/EGP(OTC): up | O:50.99500 C:50.99550 | Change: +0.00050
2025-08-07 08:20:59,806 - services.data_service - INFO - 📊 Database: 510 total candles
2025-08-07 08:20:59,806 - services.data_service - INFO - ⏳ Next collection in 52.7s...
2025-08-07 08:21:52,528 - services.data_service - INFO - 📊 Starting data collection cycle...
2025-08-07 08:21:59,277 - services.data_service - INFO - ✅ Collection successful: 4 candles collected
2025-08-07 08:21:59,277 - services.data_service - INFO -   📈 USD/BRL(OTC): down | O:5.27482 C:5.27315 | Change: -0.00167
2025-08-07 08:21:59,277 - services.data_service - INFO -   📈 NZD/CAD(OTC): up | O:0.81561 C:0.81563 | Change: +0.00002
2025-08-07 08:21:59,277 - services.data_service - INFO -   📈 USD/BDT(OTC): up | O:126.60900 C:126.61000 | Change: +0.00100
2025-08-07 08:21:59,277 - services.data_service - INFO -   📈 USD/EGP(OTC): up | O:50.99550 C:50.99690 | Change: +0.00140
2025-08-07 08:21:59,799 - services.data_service - INFO - 📊 Database: 514 total candles
2025-08-07 08:21:59,799 - services.data_service - INFO - ⏳ Next collection in 52.7s...
2025-08-07 08:22:52,542 - services.data_service - INFO - 📊 Starting data collection cycle...
2025-08-07 08:22:59,493 - services.data_service - INFO - ✅ Collection successful: 4 candles collected
2025-08-07 08:22:59,494 - services.data_service - INFO -   📈 USD/BRL(OTC): up | O:5.27315 C:5.27872 | Change: +0.00557
2025-08-07 08:22:59,494 - services.data_service - INFO -   📈 NZD/CAD(OTC): up | O:0.81563 C:0.81568 | Change: +0.00005
2025-08-07 08:22:59,494 - services.data_service - INFO -   📈 USD/BDT(OTC): down | O:126.61000 C:126.57000 | Change: -0.04000
2025-08-07 08:22:59,494 - services.data_service - INFO -   📈 USD/EGP(OTC): down | O:50.99690 C:50.99470 | Change: -0.00220
2025-08-07 08:23:00,159 - services.data_service - INFO - 📊 Database: 518 total candles
2025-08-07 08:23:00,160 - services.data_service - INFO - ⏳ Next collection in 52.4s...
2025-08-07 08:23:52,553 - services.data_service - INFO - 📊 Starting data collection cycle...
2025-08-07 08:23:59,349 - services.data_service - INFO - ✅ Collection successful: 4 candles collected
2025-08-07 08:23:59,350 - services.data_service - INFO -   📈 USD/BRL(OTC): up | O:5.27872 C:5.28849 | Change: +0.00977
2025-08-07 08:23:59,350 - services.data_service - INFO -   📈 NZD/CAD(OTC): down | O:0.81568 C:0.81561 | Change: -0.00007
2025-08-07 08:23:59,350 - services.data_service - INFO -   📈 USD/BDT(OTC): down | O:126.57000 C:126.56900 | Change: -0.00100
2025-08-07 08:23:59,350 - services.data_service - INFO -   📈 USD/EGP(OTC): up | O:50.99470 C:50.99590 | Change: +0.00120
2025-08-07 08:23:59,866 - services.data_service - INFO - 📊 Database: 522 total candles
2025-08-07 08:23:59,867 - services.data_service - INFO - 📊 Service Statistics:
2025-08-07 08:23:59,867 - services.data_service - INFO -   🕐 Uptime: 0.16 hours
2025-08-07 08:23:59,867 - services.data_service - INFO -   📈 Collections: 10 total, 10 successful
2025-08-07 08:23:59,867 - services.data_service - INFO -   ✅ Success rate: 100.0%
2025-08-07 08:23:59,867 - services.data_service - INFO -   🔄 Reconnections: 0
2025-08-07 08:23:59,867 - services.data_service - INFO -   ⏰ Last collection: 0.0 minutes ago
2025-08-07 08:23:59,868 - services.data_service - INFO - ⏳ Next collection in 52.7s...
2025-08-07 08:24:52,577 - services.data_service - INFO - 📊 Starting data collection cycle...
2025-08-07 08:24:59,574 - services.data_service - INFO - ✅ Collection successful: 4 candles collected
2025-08-07 08:24:59,574 - services.data_service - INFO -   📈 USD/BRL(OTC): up | O:5.28849 C:5.30223 | Change: +0.01374
2025-08-07 08:24:59,574 - services.data_service - INFO -   📈 NZD/CAD(OTC): up | O:0.81561 C:0.81563 | Change: +0.00002
2025-08-07 08:24:59,575 - services.data_service - INFO -   📈 USD/BDT(OTC): up | O:126.56900 C:126.59600 | Change: +0.02700
2025-08-07 08:24:59,575 - services.data_service - INFO -   📈 USD/EGP(OTC): down | O:50.99590 C:50.99590 | Change: +0.00000
2025-08-07 08:25:00,095 - services.data_service - INFO - 📊 Database: 526 total candles
2025-08-07 08:25:00,096 - services.data_service - INFO - ⏳ Next collection in 52.5s...
2025-08-07 08:25:52,596 - services.data_service - INFO - 📊 Starting data collection cycle...
2025-08-07 08:25:59,378 - services.data_service - INFO - ✅ Collection successful: 4 candles collected
2025-08-07 08:25:59,378 - services.data_service - INFO -   📈 USD/BRL(OTC): down | O:5.30279 C:5.28821 | Change: -0.01458
2025-08-07 08:25:59,378 - services.data_service - INFO -   📈 NZD/CAD(OTC): up | O:0.81566 C:0.81573 | Change: +0.00007
2025-08-07 08:25:59,379 - services.data_service - INFO -   📈 USD/BDT(OTC): down | O:126.59600 C:126.59200 | Change: -0.00400
2025-08-07 08:25:59,379 - services.data_service - INFO -   📈 USD/EGP(OTC): down | O:50.99590 C:50.99160 | Change: -0.00430
2025-08-07 08:25:59,903 - services.data_service - INFO - 📊 Database: 530 total candles
2025-08-07 08:25:59,904 - services.data_service - INFO - ⏳ Next collection in 52.7s...
2025-08-07 08:26:52,617 - services.data_service - INFO - 📊 Starting data collection cycle...
2025-08-07 08:26:59,616 - services.data_service - INFO - ✅ Collection successful: 4 candles collected
2025-08-07 08:26:59,617 - services.data_service - INFO -   📈 USD/BRL(OTC): down | O:5.28905 C:5.28737 | Change: -0.00168
2025-08-07 08:26:59,617 - services.data_service - INFO -   📈 NZD/CAD(OTC): up | O:0.81573 C:0.81587 | Change: +0.00014
2025-08-07 08:26:59,617 - services.data_service - INFO -   📈 USD/BDT(OTC): down | O:126.59200 C:126.56500 | Change: -0.02700
2025-08-07 08:26:59,618 - services.data_service - INFO -   📈 USD/EGP(OTC): up | O:50.99160 C:50.99250 | Change: +0.00090
2025-08-07 08:27:00,797 - services.data_service - INFO - 📊 Database: 534 total candles
2025-08-07 08:27:00,797 - services.data_service - INFO - ⏳ Next collection in 51.8s...
2025-08-07 08:27:52,635 - services.data_service - INFO - 📊 Starting data collection cycle...
2025-08-07 08:27:59,331 - services.data_service - INFO - ✅ Collection successful: 4 candles collected
2025-08-07 08:27:59,332 - services.data_service - INFO -   📈 USD/BRL(OTC): up | O:5.28737 C:5.29129 | Change: +0.00392
2025-08-07 08:27:59,332 - services.data_service - INFO -   📈 NZD/CAD(OTC): down | O:0.81586 C:0.81583 | Change: -0.00003
2025-08-07 08:27:59,332 - services.data_service - INFO -   📈 USD/BDT(OTC): down | O:126.56500 C:126.54400 | Change: -0.02100
2025-08-07 08:27:59,332 - services.data_service - INFO -   📈 USD/EGP(OTC): up | O:50.99290 C:50.99620 | Change: +0.00330
2025-08-07 08:27:59,848 - services.data_service - INFO - 📊 Database: 538 total candles
2025-08-07 08:27:59,849 - services.data_service - INFO - ⏳ Next collection in 52.8s...
2025-08-07 08:28:52,656 - services.data_service - INFO - 📊 Starting data collection cycle...
2025-08-07 08:29:00,435 - services.data_service - INFO - ✅ Collection successful: 4 candles collected
2025-08-07 08:29:00,436 - services.data_service - INFO -   📈 USD/BRL(OTC): down | O:5.29129 C:5.28849 | Change: -0.00280
2025-08-07 08:29:00,436 - services.data_service - INFO -   📈 NZD/CAD(OTC): down | O:0.81583 C:0.81583 | Change: +0.00000
2025-08-07 08:29:00,436 - services.data_service - INFO -   📈 USD/BDT(OTC): up | O:126.53000 C:126.55100 | Change: +0.02100
2025-08-07 08:29:00,436 - services.data_service - INFO -   📈 USD/EGP(OTC): down | O:50.99620 C:50.99500 | Change: -0.00120
2025-08-07 08:29:01,512 - services.data_service - INFO - 📊 Database: 542 total candles
2025-08-07 08:29:01,513 - services.data_service - INFO - ⏳ Next collection in 51.1s...
2025-08-07 08:29:52,674 - services.data_service - INFO - 📊 Starting data collection cycle...
2025-08-07 08:30:07,737 - services.data_service - INFO - ✅ Collection successful: 4 candles collected
2025-08-07 08:30:07,737 - services.data_service - INFO -   📈 USD/BRL(OTC): up | O:5.28849 C:5.29886 | Change: +0.01037
2025-08-07 08:30:07,737 - services.data_service - INFO -   📈 NZD/CAD(OTC): down | O:0.81583 C:0.81565 | Change: -0.00018
2025-08-07 08:30:07,738 - services.data_service - INFO -   📈 USD/BDT(OTC): down | O:126.55100 C:126.54000 | Change: -0.01100
2025-08-07 08:30:07,738 - services.data_service - INFO -   📈 USD/EGP(OTC): down | O:50.99730 C:50.99660 | Change: -0.00070
2025-08-07 08:30:08,420 - services.data_service - INFO - 📊 Database: 546 total candles
2025-08-07 08:30:08,420 - services.data_service - INFO - ⏳ Next collection in 44.3s...
2025-08-07 08:30:52,686 - services.data_service - INFO - 📊 Starting data collection cycle...
2025-08-07 08:31:03,049 - services.data_service - INFO - ✅ Collection successful: 4 candles collected
2025-08-07 08:31:03,049 - services.data_service - INFO -   📈 USD/BRL(OTC): up | O:5.29942 C:5.30026 | Change: +0.00084
2025-08-07 08:31:03,049 - services.data_service - INFO -   📈 NZD/CAD(OTC): up | O:0.81565 C:0.81574 | Change: +0.00009
2025-08-07 08:31:03,050 - services.data_service - INFO -   📈 USD/BDT(OTC): down | O:126.53800 C:126.52600 | Change: -0.01200
2025-08-07 08:31:03,050 - services.data_service - INFO -   📈 USD/EGP(OTC): up | O:50.99660 C:50.99720 | Change: +0.00060
2025-08-07 08:31:03,812 - services.data_service - INFO - 📊 Database: 550 total candles
2025-08-07 08:31:03,812 - services.data_service - INFO - ⏳ Next collection in 48.9s...
2025-08-07 08:31:52,697 - services.data_service - INFO - 📊 Starting data collection cycle...
2025-08-07 08:31:59,547 - services.data_service - INFO - ✅ Collection successful: 4 candles collected
2025-08-07 08:31:59,548 - services.data_service - INFO -   📈 USD/BRL(OTC): up | O:5.29970 C:5.31039 | Change: +0.01069
2025-08-07 08:31:59,548 - services.data_service - INFO -   📈 NZD/CAD(OTC): up | O:0.81574 C:0.81581 | Change: +0.00007
2025-08-07 08:31:59,548 - services.data_service - INFO -   📈 USD/BDT(OTC): down | O:126.52200 C:126.50400 | Change: -0.01800
2025-08-07 08:31:59,548 - services.data_service - INFO -   📈 USD/EGP(OTC): up | O:50.99660 C:50.99720 | Change: +0.00060
2025-08-07 08:32:00,063 - services.data_service - INFO - 📊 Database: 554 total candles
2025-08-07 08:32:00,064 - services.data_service - INFO - ⏳ Next collection in 52.6s...
2025-08-07 08:32:52,709 - services.data_service - INFO - 📊 Starting data collection cycle...
2025-08-07 08:33:00,817 - services.data_service - INFO - ✅ Collection successful: 4 candles collected
2025-08-07 08:33:00,818 - services.data_service - INFO -   📈 USD/BRL(OTC): up | O:5.31039 C:5.31434 | Change: +0.00395
2025-08-07 08:33:00,818 - services.data_service - INFO -   📈 NZD/CAD(OTC): down | O:0.81581 C:0.81580 | Change: -0.00001
2025-08-07 08:33:00,818 - services.data_service - INFO -   📈 USD/BDT(OTC): up | O:126.50300 C:126.52000 | Change: +0.01700
2025-08-07 08:33:00,818 - services.data_service - INFO -   📈 USD/EGP(OTC): up | O:50.99730 C:51.00070 | Change: +0.00340
2025-08-07 08:33:01,470 - services.data_service - INFO - 📊 Database: 558 total candles
2025-08-07 08:33:01,470 - services.data_service - INFO - ⏳ Next collection in 51.2s...
2025-08-07 08:33:52,721 - services.data_service - INFO - 📊 Starting data collection cycle...
2025-08-07 08:34:00,274 - services.data_service - INFO - ✅ Collection successful: 4 candles collected
2025-08-07 08:34:00,275 - services.data_service - INFO -   📈 USD/BRL(OTC): down | O:5.31378 C:5.30842 | Change: -0.00536
2025-08-07 08:34:00,275 - services.data_service - INFO -   📈 NZD/CAD(OTC): up | O:0.81580 C:0.81585 | Change: +0.00005
2025-08-07 08:34:00,275 - services.data_service - INFO -   📈 USD/BDT(OTC): up | O:126.52300 C:126.58100 | Change: +0.05800
2025-08-07 08:34:00,276 - services.data_service - INFO -   📈 USD/EGP(OTC): up | O:51.00080 C:51.00130 | Change: +0.00050
2025-08-07 08:34:00,948 - services.data_service - INFO - 📊 Database: 562 total candles
2025-08-07 08:34:00,949 - services.data_service - INFO - 📊 Service Statistics:
2025-08-07 08:34:00,949 - services.data_service - INFO -   🕐 Uptime: 0.32 hours
2025-08-07 08:34:00,949 - services.data_service - INFO -   📈 Collections: 20 total, 20 successful
2025-08-07 08:34:00,949 - services.data_service - INFO -   ✅ Success rate: 100.0%
2025-08-07 08:34:00,949 - services.data_service - INFO -   🔄 Reconnections: 0
2025-08-07 08:34:00,949 - services.data_service - INFO -   ⏰ Last collection: 0.0 minutes ago
2025-08-07 08:34:00,949 - services.data_service - INFO - ⏳ Next collection in 51.8s...
2025-08-07 08:34:52,734 - services.data_service - INFO - 📊 Starting data collection cycle...
2025-08-07 08:35:02,526 - services.data_service - INFO - ✅ Collection successful: 4 candles collected
2025-08-07 08:35:02,527 - services.data_service - INFO -   📈 USD/BRL(OTC): down | O:5.30842 C:5.30504 | Change: -0.00338
2025-08-07 08:35:02,527 - services.data_service - INFO -   📈 NZD/CAD(OTC): up | O:0.81586 C:0.81600 | Change: +0.00014
2025-08-07 08:35:02,527 - services.data_service - INFO -   📈 USD/BDT(OTC): up | O:126.58100 C:126.62900 | Change: +0.04800
2025-08-07 08:35:02,528 - services.data_service - INFO -   📈 USD/EGP(OTC): down | O:50.99770 C:50.99700 | Change: -0.00070
2025-08-07 08:35:03,728 - services.data_service - INFO - 📊 Database: 566 total candles
2025-08-07 08:35:03,728 - services.data_service - INFO - ⏳ Next collection in 49.0s...
2025-08-07 08:35:52,745 - services.data_service - INFO - 📊 Starting data collection cycle...
2025-08-07 08:36:00,118 - services.data_service - INFO - ✅ Collection successful: 4 candles collected
2025-08-07 08:36:00,119 - services.data_service - INFO -   📈 USD/BRL(OTC): down | O:5.30729 C:5.30504 | Change: -0.00225
2025-08-07 08:36:00,120 - services.data_service - INFO -   📈 NZD/CAD(OTC): down | O:0.81600 C:0.81598 | Change: -0.00002
2025-08-07 08:36:00,121 - services.data_service - INFO -   📈 USD/BDT(OTC): down | O:126.62700 C:126.62200 | Change: -0.00500
2025-08-07 08:36:00,121 - services.data_service - INFO -   📈 USD/EGP(OTC): down | O:50.99770 C:50.99700 | Change: -0.00070
2025-08-07 08:36:01,045 - services.data_service - INFO - 📊 Database: 570 total candles
2025-08-07 08:36:01,046 - services.data_service - INFO - ⏳ Next collection in 51.7s...
2025-08-07 08:36:52,761 - services.data_service - INFO - 📊 Starting data collection cycle...
2025-08-07 08:37:06,388 - services.data_service - INFO - ✅ Collection successful: 4 candles collected
2025-08-07 08:37:06,389 - services.data_service - INFO -   📈 USD/BRL(OTC): up | O:5.30504 C:5.30588 | Change: +0.00084
2025-08-07 08:37:06,389 - services.data_service - INFO -   📈 NZD/CAD(OTC): down | O:0.81598 C:0.81595 | Change: -0.00003
2025-08-07 08:37:06,389 - services.data_service - INFO -   📈 USD/BDT(OTC): down | O:126.62200 C:126.61200 | Change: -0.01000
2025-08-07 08:37:06,389 - services.data_service - INFO -   📈 USD/EGP(OTC): down | O:50.99590 C:50.99320 | Change: -0.00270
2025-08-07 08:37:08,013 - services.data_service - INFO - 📊 Database: 574 total candles
2025-08-07 08:37:08,014 - services.data_service - INFO - ⏳ Next collection in 44.7s...
2025-08-07 08:37:52,776 - services.data_service - INFO - 📊 Starting data collection cycle...
2025-08-07 08:38:01,127 - services.data_service - INFO - ✅ Collection successful: 4 candles collected
2025-08-07 08:38:01,127 - services.data_service - INFO -   📈 USD/BRL(OTC): up | O:5.30588 C:5.30757 | Change: +0.00169
2025-08-07 08:38:01,127 - services.data_service - INFO -   📈 NZD/CAD(OTC): down | O:0.81595 C:0.81581 | Change: -0.00014
2025-08-07 08:38:01,128 - services.data_service - INFO -   📈 USD/BDT(OTC): up | O:126.61200 C:126.64700 | Change: +0.03500
2025-08-07 08:38:01,128 - services.data_service - INFO -   📈 USD/EGP(OTC): down | O:50.99590 C:50.99320 | Change: -0.00270
2025-08-07 08:38:01,652 - services.data_service - INFO - 📊 Database: 578 total candles
2025-08-07 08:38:01,652 - services.data_service - INFO - ⏳ Next collection in 51.1s...
2025-08-07 08:38:52,789 - services.data_service - INFO - 📊 Starting data collection cycle...
2025-08-07 08:39:00,459 - services.data_service - INFO - ✅ Collection successful: 4 candles collected
2025-08-07 08:39:00,460 - services.data_service - INFO -   📈 USD/BRL(OTC): up | O:5.30757 C:5.31208 | Change: +0.00451
2025-08-07 08:39:00,460 - services.data_service - INFO -   📈 NZD/CAD(OTC): down | O:0.81581 C:0.81578 | Change: -0.00003
2025-08-07 08:39:00,460 - services.data_service - INFO -   📈 USD/BDT(OTC): up | O:126.64700 C:126.65100 | Change: +0.00400
2025-08-07 08:39:00,460 - services.data_service - INFO -   📈 USD/EGP(OTC): up | O:50.99320 C:50.99390 | Change: +0.00070
2025-08-07 08:39:00,985 - services.data_service - INFO - 📊 Database: 582 total candles
2025-08-07 08:39:00,986 - services.data_service - INFO - ⏳ Next collection in 51.8s...
2025-08-07 08:39:52,798 - services.data_service - INFO - 📊 Starting data collection cycle...
2025-08-07 08:39:59,903 - services.data_service - INFO - ✅ Collection successful: 4 candles collected
2025-08-07 08:39:59,904 - services.data_service - INFO -   📈 USD/BRL(OTC): down | O:5.31208 C:5.29914 | Change: -0.01295
2025-08-07 08:39:59,904 - services.data_service - INFO -   📈 NZD/CAD(OTC): down | O:0.81578 C:0.81573 | Change: -0.00005
2025-08-07 08:39:59,904 - services.data_service - INFO -   📈 USD/BDT(OTC): down | O:126.65100 C:126.63300 | Change: -0.01800
2025-08-07 08:39:59,904 - services.data_service - INFO -   📈 USD/EGP(OTC): down | O:50.99390 C:50.99110 | Change: -0.00280
2025-08-07 08:40:00,430 - services.data_service - INFO - 📊 Database: 586 total candles
2025-08-07 08:40:00,430 - services.data_service - INFO - ⏳ Next collection in 52.4s...
2025-08-07 08:40:52,812 - services.data_service - INFO - 📊 Starting data collection cycle...
2025-08-07 08:41:00,974 - services.data_service - INFO - ✅ Collection successful: 4 candles collected
2025-08-07 08:41:00,975 - services.data_service - INFO -   📈 USD/BRL(OTC): down | O:5.29914 C:5.28821 | Change: -0.01093
2025-08-07 08:41:00,975 - services.data_service - INFO -   📈 NZD/CAD(OTC): down | O:0.81573 C:0.81571 | Change: -0.00002
2025-08-07 08:41:00,975 - services.data_service - INFO -   📈 USD/BDT(OTC): up | O:126.63300 C:126.67200 | Change: +0.03900
2025-08-07 08:41:00,975 - services.data_service - INFO -   📈 USD/EGP(OTC): down | O:50.99110 C:50.99070 | Change: -0.00040
2025-08-07 08:41:01,493 - services.data_service - INFO - 📊 Database: 590 total candles
2025-08-07 08:41:01,494 - services.data_service - INFO - ⏳ Next collection in 51.3s...
2025-08-07 08:41:52,825 - services.data_service - INFO - 📊 Starting data collection cycle...
2025-08-07 08:41:59,834 - services.data_service - INFO - ✅ Collection successful: 4 candles collected
2025-08-07 08:41:59,835 - services.data_service - INFO -   📈 USD/BRL(OTC): up | O:5.28821 C:5.30138 | Change: +0.01318
2025-08-07 08:41:59,835 - services.data_service - INFO -   📈 NZD/CAD(OTC): down | O:0.81571 C:0.81565 | Change: -0.00006
2025-08-07 08:41:59,835 - services.data_service - INFO -   📈 USD/BDT(OTC): down | O:126.67200 C:126.66300 | Change: -0.00900
2025-08-07 08:41:59,835 - services.data_service - INFO -   📈 USD/EGP(OTC): up | O:50.99070 C:50.99100 | Change: +0.00030
2025-08-07 08:42:00,942 - services.data_service - INFO - 📊 Database: 594 total candles
2025-08-07 08:42:00,943 - services.data_service - INFO - ⏳ Next collection in 51.9s...
2025-08-07 08:42:52,836 - services.data_service - INFO - 📊 Starting data collection cycle...
2025-08-07 08:42:59,598 - services.data_service - INFO - ✅ Collection successful: 4 candles collected
2025-08-07 08:42:59,599 - services.data_service - INFO -   📈 USD/BRL(OTC): down | O:5.30138 C:5.29465 | Change: -0.00674
2025-08-07 08:42:59,599 - services.data_service - INFO -   📈 NZD/CAD(OTC): down | O:0.81565 C:0.81562 | Change: -0.00003
2025-08-07 08:42:59,599 - services.data_service - INFO -   📈 USD/BDT(OTC): down | O:126.66300 C:126.66100 | Change: -0.00200
2025-08-07 08:42:59,599 - services.data_service - INFO -   📈 USD/EGP(OTC): down | O:50.99100 C:50.98950 | Change: -0.00150
2025-08-07 08:43:00,142 - services.data_service - INFO - 📊 Database: 598 total candles
2025-08-07 08:43:00,143 - services.data_service - INFO - ⏳ Next collection in 52.7s...
2025-08-07 08:43:52,847 - services.data_service - INFO - 📊 Starting data collection cycle...
2025-08-07 08:44:00,517 - services.data_service - INFO - ✅ Collection successful: 4 candles collected
2025-08-07 08:44:00,518 - services.data_service - INFO -   📈 USD/BRL(OTC): up | O:5.29465 C:5.31434 | Change: +0.01970
2025-08-07 08:44:00,518 - services.data_service - INFO -   📈 NZD/CAD(OTC): down | O:0.81562 C:0.81561 | Change: -0.00001
2025-08-07 08:44:00,518 - services.data_service - INFO -   📈 USD/BDT(OTC): down | O:126.66300 C:126.65700 | Change: -0.00600
2025-08-07 08:44:00,518 - services.data_service - INFO -   📈 USD/EGP(OTC): down | O:50.98950 C:50.98750 | Change: -0.00200
2025-08-07 08:44:01,042 - services.data_service - INFO - 📊 Database: 602 total candles
2025-08-07 08:44:01,042 - services.data_service - INFO - 📊 Service Statistics:
2025-08-07 08:44:01,042 - services.data_service - INFO -   🕐 Uptime: 0.49 hours
2025-08-07 08:44:01,042 - services.data_service - INFO -   📈 Collections: 30 total, 30 successful
2025-08-07 08:44:01,042 - services.data_service - INFO -   ✅ Success rate: 100.0%
2025-08-07 08:44:01,043 - services.data_service - INFO -   🔄 Reconnections: 0
2025-08-07 08:44:01,043 - services.data_service - INFO -   ⏰ Last collection: 0.0 minutes ago
2025-08-07 08:44:01,043 - services.data_service - INFO - ⏳ Next collection in 51.8s...
2025-08-07 08:44:52,861 - services.data_service - INFO - 📊 Starting data collection cycle...
2025-08-07 08:45:00,166 - services.data_service - INFO - ✅ Collection successful: 4 candles collected
2025-08-07 08:45:00,167 - services.data_service - INFO -   📈 USD/BRL(OTC): down | O:5.31434 C:5.30729 | Change: -0.00705
2025-08-07 08:45:00,167 - services.data_service - INFO -   📈 NZD/CAD(OTC): up | O:0.81561 C:0.81571 | Change: +0.00010
2025-08-07 08:45:00,167 - services.data_service - INFO -   📈 USD/BDT(OTC): up | O:126.65700 C:126.66200 | Change: +0.00500
2025-08-07 08:45:00,168 - services.data_service - INFO -   📈 USD/EGP(OTC): down | O:50.98760 C:50.98670 | Change: -0.00090
2025-08-07 08:45:00,692 - services.data_service - INFO - 📊 Database: 606 total candles
2025-08-07 08:45:00,692 - services.data_service - INFO - ⏳ Next collection in 52.2s...
2025-08-07 08:45:52,874 - services.data_service - INFO - 📊 Starting data collection cycle...
2025-08-07 08:45:59,750 - services.data_service - INFO - ✅ Collection successful: 4 candles collected
2025-08-07 08:45:59,750 - services.data_service - INFO -   📈 USD/BRL(OTC): down | O:5.30814 C:5.29914 | Change: -0.00900
2025-08-07 08:45:59,750 - services.data_service - INFO -   📈 NZD/CAD(OTC): down | O:0.81571 C:0.81558 | Change: -0.00013
2025-08-07 08:45:59,751 - services.data_service - INFO -   📈 USD/BDT(OTC): down | O:126.66200 C:126.65400 | Change: -0.00800
2025-08-07 08:45:59,751 - services.data_service - INFO -   📈 USD/EGP(OTC): up | O:50.98670 C:50.98970 | Change: +0.00300
2025-08-07 08:46:00,279 - services.data_service - INFO - 📊 Database: 610 total candles
2025-08-07 08:46:00,280 - services.data_service - INFO - ⏳ Next collection in 52.6s...
2025-08-07 08:46:52,887 - services.data_service - INFO - 📊 Starting data collection cycle...
2025-08-07 08:46:59,794 - services.data_service - INFO - ✅ Collection successful: 4 candles collected
2025-08-07 08:46:59,795 - services.data_service - INFO -   📈 USD/BRL(OTC): down | O:5.29914 C:5.28849 | Change: -0.01065
2025-08-07 08:46:59,795 - services.data_service - INFO -   📈 NZD/CAD(OTC): down | O:0.81558 C:0.81551 | Change: -0.00007
2025-08-07 08:46:59,795 - services.data_service - INFO -   📈 USD/BDT(OTC): down | O:126.65400 C:126.63000 | Change: -0.02400
2025-08-07 08:46:59,796 - services.data_service - INFO -   📈 USD/EGP(OTC): up | O:50.98990 C:50.99020 | Change: +0.00030
2025-08-07 08:47:00,317 - services.data_service - INFO - 📊 Database: 614 total candles
2025-08-07 08:47:00,317 - services.data_service - INFO - ⏳ Next collection in 52.6s...
2025-08-07 08:47:52,899 - services.data_service - INFO - 📊 Starting data collection cycle...
2025-08-07 08:47:59,812 - services.data_service - INFO - ✅ Collection successful: 4 candles collected
2025-08-07 08:47:59,812 - services.data_service - INFO -   📈 USD/BRL(OTC): up | O:5.28849 C:5.29129 | Change: +0.00280
2025-08-07 08:47:59,813 - services.data_service - INFO -   📈 NZD/CAD(OTC): down | O:0.81551 C:0.81551 | Change: +0.00000
2025-08-07 08:47:59,813 - services.data_service - INFO -   📈 USD/BDT(OTC): down | O:126.63000 C:126.58900 | Change: -0.04100
2025-08-07 08:47:59,813 - services.data_service - INFO -   📈 USD/EGP(OTC): up | O:50.99020 C:50.99040 | Change: +0.00020
2025-08-07 08:48:00,345 - services.data_service - INFO - 📊 Database: 618 total candles
2025-08-07 08:48:00,345 - services.data_service - INFO - ⏳ Next collection in 52.6s...
2025-08-07 08:48:52,910 - services.data_service - INFO - 📊 Starting data collection cycle...
2025-08-07 08:49:02,392 - services.data_service - INFO - ✅ Collection successful: 4 candles collected
2025-08-07 08:49:02,393 - services.data_service - INFO -   📈 USD/BRL(OTC): up | O:5.29185 C:5.30110 | Change: +0.00926
2025-08-07 08:49:02,394 - services.data_service - INFO -   📈 NZD/CAD(OTC): up | O:0.81551 C:0.81564 | Change: +0.00013
2025-08-07 08:49:02,394 - services.data_service - INFO -   📈 USD/BDT(OTC): up | O:126.59400 C:126.60400 | Change: +0.01000
2025-08-07 08:49:02,394 - services.data_service - INFO -   📈 USD/EGP(OTC): up | O:50.99030 C:50.99290 | Change: +0.00260
2025-08-07 08:49:03,658 - services.data_service - INFO - 📊 Database: 622 total candles
2025-08-07 08:49:03,658 - services.data_service - INFO - ⏳ Next collection in 49.3s...
2025-08-07 08:49:52,922 - services.data_service - INFO - 📊 Starting data collection cycle...
2025-08-07 08:50:01,861 - services.data_service - INFO - ✅ Collection successful: 4 candles collected
2025-08-07 08:50:01,862 - services.data_service - INFO -   📈 USD/BRL(OTC): down | O:5.30279 C:5.28681 | Change: -0.01598
2025-08-07 08:50:01,862 - services.data_service - INFO -   📈 NZD/CAD(OTC): up | O:0.81564 C:0.81571 | Change: +0.00007
2025-08-07 08:50:01,863 - services.data_service - INFO -   📈 USD/BDT(OTC): up | O:126.60400 C:126.61200 | Change: +0.00800
2025-08-07 08:50:01,863 - services.data_service - INFO -   📈 USD/EGP(OTC): up | O:50.99320 C:50.99370 | Change: +0.00050
2025-08-07 08:50:02,929 - services.data_service - INFO - 📊 Database: 626 total candles
2025-08-07 08:50:02,930 - services.data_service - INFO - ⏳ Next collection in 50.0s...
2025-08-07 08:50:52,935 - services.data_service - INFO - 📊 Starting data collection cycle...
2025-08-07 08:51:00,427 - services.data_service - INFO - ✅ Collection successful: 4 candles collected
2025-08-07 08:51:00,428 - services.data_service - INFO -   📈 USD/BRL(OTC): up | O:5.28681 C:5.28961 | Change: +0.00280
2025-08-07 08:51:00,428 - services.data_service - INFO -   📈 NZD/CAD(OTC): down | O:0.81571 C:0.81571 | Change: +0.00000
2025-08-07 08:51:00,428 - services.data_service - INFO -   📈 USD/BDT(OTC): up | O:126.61200 C:126.63800 | Change: +0.02600
2025-08-07 08:51:00,428 - services.data_service - INFO -   📈 USD/EGP(OTC): down | O:50.99380 C:50.99050 | Change: -0.00330
2025-08-07 08:51:01,120 - services.data_service - INFO - 📊 Database: 630 total candles
2025-08-07 08:51:01,120 - services.data_service - INFO - ⏳ Next collection in 51.8s...
2025-08-07 08:51:52,948 - services.data_service - INFO - 📊 Starting data collection cycle...
2025-08-07 08:52:02,831 - services.data_service - INFO - ✅ Collection successful: 4 candles collected
2025-08-07 08:52:02,832 - services.data_service - INFO -   📈 USD/BRL(OTC): down | O:5.28961 C:5.28625 | Change: -0.00336
2025-08-07 08:52:02,832 - services.data_service - INFO -   📈 NZD/CAD(OTC): down | O:0.81571 C:0.81570 | Change: -0.00001
2025-08-07 08:52:02,832 - services.data_service - INFO -   📈 USD/BDT(OTC): up | O:126.63400 C:126.65800 | Change: +0.02400
2025-08-07 08:52:02,832 - services.data_service - INFO -   📈 USD/EGP(OTC): up | O:50.99470 C:50.99570 | Change: +0.00100
2025-08-07 08:52:03,544 - services.data_service - INFO - 📊 Database: 634 total candles
2025-08-07 08:52:03,545 - services.data_service - INFO - ⏳ Next collection in 49.4s...
2025-08-07 08:52:52,958 - services.data_service - INFO - 📊 Starting data collection cycle...
2025-08-07 08:53:06,636 - services.data_service - INFO - ✅ Collection successful: 4 candles collected
2025-08-07 08:53:06,636 - services.data_service - INFO -   📈 USD/BRL(OTC): up | O:5.28709 C:5.28961 | Change: +0.00252
2025-08-07 08:53:06,636 - services.data_service - INFO -   📈 NZD/CAD(OTC): up | O:0.81570 C:0.81580 | Change: +0.00010
2025-08-07 08:53:06,637 - services.data_service - INFO -   📈 USD/BDT(OTC): up | O:126.66100 C:126.67700 | Change: +0.01600
2025-08-07 08:53:06,638 - services.data_service - INFO -   📈 USD/EGP(OTC): down | O:50.99570 C:50.99560 | Change: -0.00010
2025-08-07 08:53:07,180 - services.data_service - INFO - 📊 Database: 638 total candles
2025-08-07 08:53:07,180 - services.data_service - INFO - ⏳ Next collection in 45.8s...
2025-08-07 08:53:52,970 - services.data_service - INFO - 📊 Starting data collection cycle...
2025-08-07 08:54:02,687 - services.data_service - INFO - ✅ Collection successful: 4 candles collected
2025-08-07 08:54:02,688 - services.data_service - INFO -   📈 USD/BRL(OTC): down | O:5.28569 C:5.28262 | Change: -0.00307
2025-08-07 08:54:02,689 - services.data_service - INFO -   📈 NZD/CAD(OTC): up | O:0.81580 C:0.81614 | Change: +0.00034
2025-08-07 08:54:02,689 - services.data_service - INFO -   📈 USD/BDT(OTC): down | O:126.67900 C:126.63100 | Change: -0.04800
2025-08-07 08:54:02,689 - services.data_service - INFO -   📈 USD/EGP(OTC): up | O:50.99560 C:50.99620 | Change: +0.00060
2025-08-07 08:54:04,146 - services.data_service - INFO - 📊 Database: 642 total candles
2025-08-07 08:54:04,146 - services.data_service - INFO - 📊 Service Statistics:
2025-08-07 08:54:04,146 - services.data_service - INFO -   🕐 Uptime: 0.66 hours
2025-08-07 08:54:04,146 - services.data_service - INFO -   📈 Collections: 40 total, 40 successful
2025-08-07 08:54:04,146 - services.data_service - INFO -   ✅ Success rate: 100.0%
2025-08-07 08:54:04,146 - services.data_service - INFO -   🔄 Reconnections: 0
2025-08-07 08:54:04,146 - services.data_service - INFO -   ⏰ Last collection: 0.0 minutes ago
2025-08-07 08:54:04,146 - services.data_service - INFO - ⏳ Next collection in 48.8s...
2025-08-07 08:54:52,980 - services.data_service - INFO - 📊 Starting data collection cycle...
2025-08-07 08:55:05,972 - services.data_service - INFO - ✅ Collection successful: 4 candles collected
2025-08-07 08:55:05,973 - services.data_service - INFO -   📈 USD/BRL(OTC): up | O:5.28123 C:5.29157 | Change: +0.01034
2025-08-07 08:55:05,973 - services.data_service - INFO -   📈 NZD/CAD(OTC): up | O:0.81614 C:0.81615 | Change: +0.00001
2025-08-07 08:55:05,973 - services.data_service - INFO -   📈 USD/BDT(OTC): down | O:126.63200 C:126.62900 | Change: -0.00300
2025-08-07 08:55:05,974 - services.data_service - INFO -   📈 USD/EGP(OTC): down | O:50.99620 C:50.99360 | Change: -0.00260
2025-08-07 08:55:06,946 - services.data_service - INFO - 📊 Database: 646 total candles
2025-08-07 08:55:06,946 - services.data_service - INFO - ⏳ Next collection in 46.0s...
2025-08-07 08:55:52,992 - services.data_service - INFO - 📊 Starting data collection cycle...
2025-08-07 08:56:06,201 - services.data_service - INFO - ✅ Collection successful: 4 candles collected
2025-08-07 08:56:06,201 - services.data_service - INFO -   📈 USD/BRL(OTC): down | O:5.29157 C:5.28457 | Change: -0.00699
2025-08-07 08:56:06,201 - services.data_service - INFO -   📈 NZD/CAD(OTC): up | O:0.81615 C:0.81616 | Change: +0.00001
2025-08-07 08:56:06,202 - services.data_service - INFO -   📈 USD/BDT(OTC): up | O:126.62900 C:126.63500 | Change: +0.00600
2025-08-07 08:56:06,202 - services.data_service - INFO -   📈 USD/EGP(OTC): up | O:50.99360 C:50.99390 | Change: +0.00030
2025-08-07 08:56:07,511 - services.data_service - INFO - 📊 Database: 650 total candles
2025-08-07 08:56:07,511 - services.data_service - INFO - ⏳ Next collection in 45.5s...
2025-08-07 08:56:53,005 - services.data_service - INFO - 📊 Starting data collection cycle...
2025-08-07 08:57:02,851 - services.data_service - INFO - ✅ Collection successful: 4 candles collected
2025-08-07 08:57:02,852 - services.data_service - INFO -   📈 USD/BRL(OTC): down | O:5.28457 C:5.28039 | Change: -0.00419
2025-08-07 08:57:02,853 - services.data_service - INFO -   📈 NZD/CAD(OTC): up | O:0.81616 C:0.81621 | Change: +0.00005
2025-08-07 08:57:02,853 - services.data_service - INFO -   📈 USD/BDT(OTC): up | O:126.63500 C:126.64100 | Change: +0.00600
2025-08-07 08:57:02,854 - services.data_service - INFO -   📈 USD/EGP(OTC): down | O:50.99390 C:50.99340 | Change: -0.00050
2025-08-07 08:57:03,391 - services.data_service - INFO - 📊 Database: 654 total candles
2025-08-07 08:57:03,391 - services.data_service - INFO - ⏳ Next collection in 49.6s...
2025-08-07 08:57:53,021 - services.data_service - INFO - 📊 Starting data collection cycle...
2025-08-07 08:58:01,955 - services.data_service - INFO - ✅ Collection successful: 4 candles collected
2025-08-07 08:58:01,955 - services.data_service - INFO -   📈 USD/BRL(OTC): down | O:5.28039 C:5.27872 | Change: -0.00167
2025-08-07 08:58:01,956 - services.data_service - INFO -   📈 NZD/CAD(OTC): up | O:0.81621 C:0.81628 | Change: +0.00007
2025-08-07 08:58:01,956 - services.data_service - INFO -   📈 USD/BDT(OTC): up | O:126.64100 C:126.64800 | Change: +0.00700
2025-08-07 08:58:01,956 - services.data_service - INFO -   📈 USD/EGP(OTC): down | O:50.99340 C:50.99160 | Change: -0.00180
2025-08-07 08:58:02,696 - services.data_service - INFO - 📊 Database: 658 total candles
2025-08-07 08:58:02,697 - services.data_service - INFO - ⏳ Next collection in 50.3s...
2025-08-07 08:58:53,039 - services.data_service - INFO - 📊 Starting data collection cycle...
2025-08-07 08:59:00,540 - services.data_service - INFO - ✅ Collection successful: 4 candles collected
2025-08-07 08:59:00,540 - services.data_service - INFO -   📈 USD/BRL(OTC): down | O:5.27872 C:5.27677 | Change: -0.00195
2025-08-07 08:59:00,540 - services.data_service - INFO -   📈 NZD/CAD(OTC): down | O:0.81628 C:0.81627 | Change: -0.00001
2025-08-07 08:59:00,541 - services.data_service - INFO -   📈 USD/BDT(OTC): down | O:126.64800 C:126.62800 | Change: -0.02000
2025-08-07 08:59:00,541 - services.data_service - INFO -   📈 USD/EGP(OTC): down | O:50.99340 C:50.99160 | Change: -0.00180
2025-08-07 08:59:01,214 - services.data_service - INFO - 📊 Database: 662 total candles
2025-08-07 08:59:01,214 - services.data_service - INFO - ⏳ Next collection in 51.8s...
2025-08-07 08:59:53,053 - services.data_service - INFO - 📊 Starting data collection cycle...
2025-08-07 09:00:00,959 - services.data_service - INFO - ✅ Collection successful: 4 candles collected
2025-08-07 09:00:00,959 - services.data_service - INFO -   📈 USD/BRL(OTC): up | O:5.27899 C:5.28011 | Change: +0.00111
2025-08-07 09:00:00,959 - services.data_service - INFO -   📈 NZD/CAD(OTC): down | O:0.81627 C:0.81627 | Change: +0.00000
2025-08-07 09:00:00,959 - services.data_service - INFO -   📈 USD/BDT(OTC): down | O:126.62600 C:126.57800 | Change: -0.04800
2025-08-07 09:00:00,959 - services.data_service - INFO -   📈 USD/EGP(OTC): up | O:50.99110 C:50.99230 | Change: +0.00120
2025-08-07 09:00:01,478 - services.data_service - INFO - 📊 Database: 666 total candles
2025-08-07 09:00:01,479 - services.data_service - INFO - ⏳ Next collection in 51.6s...
2025-08-07 09:00:53,066 - services.data_service - INFO - 📊 Starting data collection cycle...
2025-08-07 09:01:00,298 - services.data_service - INFO - ✅ Collection successful: 4 candles collected
2025-08-07 09:01:00,298 - services.data_service - INFO -   📈 USD/BRL(OTC): down | O:5.28067 C:5.26648 | Change: -0.01418
2025-08-07 09:01:00,298 - services.data_service - INFO -   📈 NZD/CAD(OTC): up | O:0.81627 C:0.81629 | Change: +0.00002
2025-08-07 09:01:00,298 - services.data_service - INFO -   📈 USD/BDT(OTC): up | O:126.58000 C:126.58400 | Change: +0.00400
2025-08-07 09:01:00,298 - services.data_service - INFO -   📈 USD/EGP(OTC): up | O:50.99240 C:50.99300 | Change: +0.00060
2025-08-07 09:01:00,815 - services.data_service - INFO - 📊 Database: 670 total candles
2025-08-07 09:01:00,816 - services.data_service - INFO - ⏳ Next collection in 52.3s...
2025-08-07 09:01:53,078 - services.data_service - INFO - 📊 Starting data collection cycle...
2025-08-07 09:02:00,100 - services.data_service - INFO - ✅ Collection successful: 4 candles collected
2025-08-07 09:02:00,100 - services.data_service - INFO -   📈 USD/BRL(OTC): down | O:5.26648 C:5.25818 | Change: -0.00831
2025-08-07 09:02:00,101 - services.data_service - INFO -   📈 NZD/CAD(OTC): up | O:0.81629 C:0.81637 | Change: +0.00008
2025-08-07 09:02:00,101 - services.data_service - INFO -   📈 USD/BDT(OTC): down | O:126.58400 C:126.58400 | Change: +0.00000
2025-08-07 09:02:00,101 - services.data_service - INFO -   📈 USD/EGP(OTC): down | O:50.99300 C:50.99220 | Change: -0.00080
2025-08-07 09:02:01,097 - services.data_service - INFO - 📊 Database: 674 total candles
2025-08-07 09:02:01,097 - services.data_service - INFO - ⏳ Next collection in 52.0s...
2025-08-07 09:02:53,089 - services.data_service - INFO - 📊 Starting data collection cycle...
2025-08-07 09:02:59,898 - services.data_service - INFO - ✅ Collection successful: 4 candles collected
2025-08-07 09:02:59,898 - services.data_service - INFO -   📈 USD/BRL(OTC): up | O:5.25762 C:5.26288 | Change: +0.00526
2025-08-07 09:02:59,898 - services.data_service - INFO -   📈 NZD/CAD(OTC): up | O:0.81637 C:0.81640 | Change: +0.00003
2025-08-07 09:02:59,898 - services.data_service - INFO -   📈 USD/BDT(OTC): down | O:126.58400 C:126.57000 | Change: -0.01400
2025-08-07 09:02:59,898 - services.data_service - INFO -   📈 USD/EGP(OTC): down | O:50.99220 C:50.99210 | Change: -0.00010
2025-08-07 09:03:00,427 - services.data_service - INFO - 📊 Database: 678 total candles
2025-08-07 09:03:00,427 - services.data_service - INFO - ⏳ Next collection in 52.7s...
2025-08-07 09:03:53,102 - services.data_service - INFO - 📊 Starting data collection cycle...
2025-08-07 09:04:00,223 - services.data_service - INFO - ✅ Collection successful: 4 candles collected
2025-08-07 09:04:00,223 - services.data_service - INFO -   📈 USD/BRL(OTC): down | O:5.25818 C:5.25762 | Change: -0.00055
2025-08-07 09:04:00,223 - services.data_service - INFO -   📈 NZD/CAD(OTC): up | O:0.81640 C:0.81642 | Change: +0.00002
2025-08-07 09:04:00,224 - services.data_service - INFO -   📈 USD/BDT(OTC): up | O:126.57000 C:126.61300 | Change: +0.04300
2025-08-07 09:04:00,224 - services.data_service - INFO -   📈 USD/EGP(OTC): down | O:50.99210 C:50.98890 | Change: -0.00320
2025-08-07 09:04:00,772 - services.data_service - INFO - 📊 Database: 682 total candles
2025-08-07 09:04:00,773 - services.data_service - INFO - 📊 Service Statistics:
2025-08-07 09:04:00,773 - services.data_service - INFO -   🕐 Uptime: 0.82 hours
2025-08-07 09:04:00,773 - services.data_service - INFO -   📈 Collections: 50 total, 50 successful
2025-08-07 09:04:00,773 - services.data_service - INFO -   ✅ Success rate: 100.0%
2025-08-07 09:04:00,773 - services.data_service - INFO -   🔄 Reconnections: 0
2025-08-07 09:04:00,774 - services.data_service - INFO -   ⏰ Last collection: 0.0 minutes ago
2025-08-07 09:04:00,774 - services.data_service - INFO - ⏳ Next collection in 52.3s...
2025-08-07 09:04:53,120 - services.data_service - INFO - 📊 Starting data collection cycle...
2025-08-07 09:05:00,271 - services.data_service - INFO - ✅ Collection successful: 4 candles collected
2025-08-07 09:05:00,271 - services.data_service - INFO -   📈 USD/BRL(OTC): up | O:5.25762 C:5.25984 | Change: +0.00221
2025-08-07 09:05:00,271 - services.data_service - INFO -   📈 NZD/CAD(OTC): up | O:0.81642 C:0.81662 | Change: +0.00020
2025-08-07 09:05:00,271 - services.data_service - INFO -   📈 USD/BDT(OTC): down | O:126.61300 C:126.53600 | Change: -0.07700
2025-08-07 09:05:00,271 - services.data_service - INFO -   📈 USD/EGP(OTC): down | O:50.98890 C:50.98890 | Change: +0.00000
2025-08-07 09:05:00,810 - services.data_service - INFO - 📊 Database: 686 total candles
2025-08-07 09:05:00,811 - services.data_service - INFO - ⏳ Next collection in 52.3s...
2025-08-07 09:05:53,132 - services.data_service - INFO - 📊 Starting data collection cycle...
2025-08-07 09:06:00,159 - services.data_service - INFO - ✅ Collection successful: 4 candles collected
2025-08-07 09:06:00,159 - services.data_service - INFO -   📈 USD/BRL(OTC): down | O:5.25928 C:5.25845 | Change: -0.00083
2025-08-07 09:06:00,159 - services.data_service - INFO -   📈 NZD/CAD(OTC): up | O:0.81662 C:0.81673 | Change: +0.00011
2025-08-07 09:06:00,160 - services.data_service - INFO -   📈 USD/BDT(OTC): up | O:126.53600 C:126.57800 | Change: +0.04200
2025-08-07 09:06:00,160 - services.data_service - INFO -   📈 USD/EGP(OTC): down | O:50.98890 C:50.98620 | Change: -0.00270
2025-08-07 09:06:00,792 - services.data_service - INFO - 📊 Database: 690 total candles
2025-08-07 09:06:00,792 - services.data_service - INFO - ⏳ Next collection in 52.3s...
2025-08-07 09:06:53,153 - services.data_service - INFO - 📊 Starting data collection cycle...
2025-08-07 09:06:59,997 - services.data_service - INFO - ✅ Collection successful: 4 candles collected
2025-08-07 09:06:59,997 - services.data_service - INFO -   📈 USD/BRL(OTC): up | O:5.25845 C:5.27009 | Change: +0.01164
2025-08-07 09:06:59,997 - services.data_service - INFO -   📈 NZD/CAD(OTC): down | O:0.81673 C:0.81666 | Change: -0.00007
2025-08-07 09:06:59,998 - services.data_service - INFO -   📈 USD/BDT(OTC): down | O:126.57800 C:126.51200 | Change: -0.06600
2025-08-07 09:06:59,998 - services.data_service - INFO -   📈 USD/EGP(OTC): up | O:50.98620 C:50.98690 | Change: +0.00070
2025-08-07 09:07:00,560 - services.data_service - INFO - 📊 Database: 694 total candles
2025-08-07 09:07:00,560 - services.data_service - INFO - ⏳ Next collection in 52.6s...
2025-08-07 09:07:53,172 - services.data_service - INFO - 📊 Starting data collection cycle...
2025-08-07 09:08:06,308 - services.data_service - INFO - ✅ Collection successful: 4 candles collected
2025-08-07 09:08:06,309 - services.data_service - INFO -   📈 USD/BRL(OTC): down | O:5.27065 C:5.27009 | Change: -0.00056
2025-08-07 09:08:06,309 - services.data_service - INFO -   📈 NZD/CAD(OTC): down | O:0.81666 C:0.81666 | Change: +0.00000
2025-08-07 09:08:06,309 - services.data_service - INFO -   📈 USD/BDT(OTC): up | O:126.51200 C:126.53700 | Change: +0.02500
2025-08-07 09:08:06,309 - services.data_service - INFO -   📈 USD/EGP(OTC): down | O:50.98700 C:50.98490 | Change: -0.00210
2025-08-07 09:08:07,230 - services.data_service - INFO - 📊 Database: 698 total candles
2025-08-07 09:08:07,231 - services.data_service - INFO - ⏳ Next collection in 45.9s...
2025-08-07 09:08:53,187 - services.data_service - INFO - 📊 Starting data collection cycle...
2025-08-07 09:09:03,308 - services.data_service - INFO - ✅ Collection successful: 4 candles collected
2025-08-07 09:09:03,309 - services.data_service - INFO -   📈 USD/BRL(OTC): up | O:5.27009 C:5.27816 | Change: +0.00807
2025-08-07 09:09:03,309 - services.data_service - INFO -   📈 NZD/CAD(OTC): up | O:0.81666 C:0.81680 | Change: +0.00014
2025-08-07 09:09:03,310 - services.data_service - INFO -   📈 USD/BDT(OTC): up | O:126.53300 C:126.55500 | Change: +0.02200
2025-08-07 09:09:03,310 - services.data_service - INFO -   📈 USD/EGP(OTC): up | O:50.98480 C:50.98580 | Change: +0.00100
2025-08-07 09:09:05,019 - services.data_service - INFO - 📊 Database: 702 total candles
2025-08-07 09:09:05,019 - services.data_service - INFO - ⏳ Next collection in 48.2s...
2025-08-07 09:09:53,199 - services.data_service - INFO - 📊 Starting data collection cycle...
2025-08-07 09:10:00,225 - services.data_service - INFO - ✅ Collection successful: 4 candles collected
2025-08-07 09:10:00,226 - services.data_service - INFO -   📈 USD/BRL(OTC): up | O:5.27816 C:5.29101 | Change: +0.01285
2025-08-07 09:10:00,226 - services.data_service - INFO -   📈 NZD/CAD(OTC): down | O:0.81680 C:0.81678 | Change: -0.00002
2025-08-07 09:10:00,226 - services.data_service - INFO -   📈 USD/BDT(OTC): down | O:126.55400 C:126.54900 | Change: -0.00500
2025-08-07 09:10:00,227 - services.data_service - INFO -   📈 USD/EGP(OTC): up | O:50.98480 C:50.98580 | Change: +0.00100
2025-08-07 09:10:00,758 - services.data_service - INFO - 📊 Database: 706 total candles
2025-08-07 09:10:00,759 - services.data_service - INFO - ⏳ Next collection in 52.4s...
2025-08-07 09:10:53,214 - services.data_service - INFO - 📊 Starting data collection cycle...
2025-08-07 09:10:59,980 - services.data_service - INFO - ✅ Collection successful: 4 candles collected
2025-08-07 09:10:59,980 - services.data_service - INFO -   📈 USD/BRL(OTC): up | O:5.29045 C:5.30335 | Change: +0.01291
2025-08-07 09:10:59,980 - services.data_service - INFO -   📈 NZD/CAD(OTC): down | O:0.81678 C:0.81678 | Change: +0.00000
2025-08-07 09:10:59,980 - services.data_service - INFO -   📈 USD/BDT(OTC): up | O:126.54900 C:126.61600 | Change: +0.06700
2025-08-07 09:10:59,980 - services.data_service - INFO -   📈 USD/EGP(OTC): up | O:50.98560 C:50.98730 | Change: +0.00170
2025-08-07 09:11:00,499 - services.data_service - INFO - 📊 Database: 710 total candles
2025-08-07 09:11:00,500 - services.data_service - INFO - ⏳ Next collection in 52.7s...
2025-08-07 09:11:53,227 - services.data_service - INFO - 📊 Starting data collection cycle...
2025-08-07 09:12:00,096 - services.data_service - INFO - ✅ Collection successful: 4 candles collected
2025-08-07 09:12:00,097 - services.data_service - INFO -   📈 USD/BRL(OTC): up | O:5.30391 C:5.31773 | Change: +0.01382
2025-08-07 09:12:00,097 - services.data_service - INFO -   📈 NZD/CAD(OTC): down | O:0.81678 C:0.81673 | Change: -0.00005
2025-08-07 09:12:00,097 - services.data_service - INFO -   📈 USD/BDT(OTC): down | O:126.61400 C:126.54500 | Change: -0.06900
2025-08-07 09:12:00,098 - services.data_service - INFO -   📈 USD/EGP(OTC): up | O:50.98760 C:50.98830 | Change: +0.00070
2025-08-07 09:12:00,622 - services.data_service - INFO - 📊 Database: 714 total candles
2025-08-07 09:12:00,623 - services.data_service - INFO - ⏳ Next collection in 52.6s...
2025-08-07 09:12:53,239 - services.data_service - INFO - 📊 Starting data collection cycle...
2025-08-07 09:13:00,013 - services.data_service - INFO - ✅ Collection successful: 4 candles collected
2025-08-07 09:13:00,013 - services.data_service - INFO -   📈 USD/BRL(OTC): up | O:5.31773 C:5.31943 | Change: +0.00170
2025-08-07 09:13:00,014 - services.data_service - INFO -   📈 NZD/CAD(OTC): down | O:0.81673 C:0.81671 | Change: -0.00002
2025-08-07 09:13:00,014 - services.data_service - INFO -   📈 USD/BDT(OTC): up | O:126.54500 C:126.60300 | Change: +0.05800
2025-08-07 09:13:00,014 - services.data_service - INFO -   📈 USD/EGP(OTC): up | O:50.98830 C:50.99030 | Change: +0.00200
2025-08-07 09:13:00,581 - services.data_service - INFO - 📊 Database: 718 total candles
2025-08-07 09:13:00,581 - services.data_service - INFO - ⏳ Next collection in 52.7s...
2025-08-07 09:13:53,254 - services.data_service - INFO - 📊 Starting data collection cycle...
2025-08-07 09:14:00,618 - services.data_service - INFO - ✅ Collection successful: 4 candles collected
2025-08-07 09:14:00,619 - services.data_service - INFO -   📈 USD/BRL(OTC): up | O:5.31943 C:5.32396 | Change: +0.00453
2025-08-07 09:14:00,619 - services.data_service - INFO -   📈 NZD/CAD(OTC): up | O:0.81671 C:0.81685 | Change: +0.00014
2025-08-07 09:14:00,619 - services.data_service - INFO -   📈 USD/BDT(OTC): up | O:126.60300 C:126.65300 | Change: +0.05000
2025-08-07 09:14:00,619 - services.data_service - INFO -   📈 USD/EGP(OTC): down | O:50.99030 C:50.98830 | Change: -0.00200
2025-08-07 09:14:01,171 - services.data_service - INFO - 📊 Database: 722 total candles
2025-08-07 09:14:01,172 - services.data_service - INFO - 📊 Service Statistics:
2025-08-07 09:14:01,173 - services.data_service - INFO -   🕐 Uptime: 0.99 hours
2025-08-07 09:14:01,173 - services.data_service - INFO -   📈 Collections: 60 total, 60 successful
2025-08-07 09:14:01,173 - services.data_service - INFO -   ✅ Success rate: 100.0%
2025-08-07 09:14:01,173 - services.data_service - INFO -   🔄 Reconnections: 0
2025-08-07 09:14:01,173 - services.data_service - INFO -   ⏰ Last collection: 0.0 minutes ago
2025-08-07 09:14:01,174 - services.data_service - INFO - ⏳ Next collection in 52.1s...
2025-08-07 09:14:53,271 - services.data_service - INFO - 📊 Starting data collection cycle...
2025-08-07 09:15:01,902 - services.data_service - INFO - ✅ Collection successful: 4 candles collected
2025-08-07 09:15:01,902 - services.data_service - INFO -   📈 USD/BRL(OTC): up | O:5.32396 C:5.33646 | Change: +0.01250
2025-08-07 09:15:01,902 - services.data_service - INFO -   📈 NZD/CAD(OTC): down | O:0.81685 C:0.81675 | Change: -0.00010
2025-08-07 09:15:01,902 - services.data_service - INFO -   📈 USD/BDT(OTC): down | O:126.65300 C:126.63700 | Change: -0.01600
2025-08-07 09:15:01,903 - services.data_service - INFO -   📈 USD/EGP(OTC): up | O:50.98920 C:50.99190 | Change: +0.00270
2025-08-07 09:15:02,917 - services.data_service - INFO - 📊 Database: 726 total candles
2025-08-07 09:15:02,917 - services.data_service - INFO - ⏳ Next collection in 50.4s...
2025-08-07 09:15:53,284 - services.data_service - INFO - 📊 Starting data collection cycle...
2025-08-07 09:16:02,094 - services.data_service - INFO - ✅ Collection successful: 4 candles collected
2025-08-07 09:16:02,094 - services.data_service - INFO -   📈 USD/BRL(OTC): down | O:5.33646 C:5.33419 | Change: -0.00228
2025-08-07 09:16:02,096 - services.data_service - INFO -   📈 NZD/CAD(OTC): down | O:0.81671 C:0.81659 | Change: -0.00012
2025-08-07 09:16:02,096 - services.data_service - INFO -   📈 USD/BDT(OTC): down | O:126.63700 C:126.62600 | Change: -0.01100
2025-08-07 09:16:02,096 - services.data_service - INFO -   📈 USD/EGP(OTC): up | O:50.98920 C:50.99190 | Change: +0.00270
2025-08-07 09:16:02,636 - services.data_service - INFO - 📊 Database: 730 total candles
2025-08-07 09:16:02,637 - services.data_service - INFO - ⏳ Next collection in 50.6s...
2025-08-07 09:16:53,296 - services.data_service - INFO - 📊 Starting data collection cycle...
2025-08-07 09:17:06,115 - services.data_service - INFO - ✅ Collection successful: 4 candles collected
2025-08-07 09:17:06,116 - services.data_service - INFO -   📈 USD/BRL(OTC): down | O:5.33333 C:5.32822 | Change: -0.00512
2025-08-07 09:17:06,116 - services.data_service - INFO -   📈 NZD/CAD(OTC): down | O:0.81659 C:0.81648 | Change: -0.00011
2025-08-07 09:17:06,116 - services.data_service - INFO -   📈 USD/BDT(OTC): down | O:126.62600 C:126.62300 | Change: -0.00300
2025-08-07 09:17:06,116 - services.data_service - INFO -   📈 USD/EGP(OTC): down | O:50.98900 C:50.98860 | Change: -0.00040
2025-08-07 09:17:07,657 - services.data_service - INFO - 📊 Database: 734 total candles
2025-08-07 09:17:07,657 - services.data_service - INFO - ⏳ Next collection in 45.6s...
2025-08-07 09:17:53,308 - services.data_service - INFO - 📊 Starting data collection cycle...
2025-08-07 09:18:00,393 - services.data_service - INFO - ✅ Collection successful: 4 candles collected
2025-08-07 09:18:00,394 - services.data_service - INFO -   📈 USD/BRL(OTC): down | O:5.32765 C:5.32198 | Change: -0.00567
2025-08-07 09:18:00,394 - services.data_service - INFO -   📈 NZD/CAD(OTC): down | O:0.81648 C:0.81639 | Change: -0.00009
2025-08-07 09:18:00,394 - services.data_service - INFO -   📈 USD/BDT(OTC): down | O:126.62600 C:126.61300 | Change: -0.01300
2025-08-07 09:18:00,395 - services.data_service - INFO -   📈 USD/EGP(OTC): down | O:50.98900 C:50.98860 | Change: -0.00040
2025-08-07 09:18:00,928 - services.data_service - INFO - 📊 Database: 738 total candles
2025-08-07 09:18:00,928 - services.data_service - INFO - ⏳ Next collection in 52.4s...
2025-08-07 09:18:53,320 - services.data_service - INFO - 📊 Starting data collection cycle...
2025-08-07 09:19:00,291 - services.data_service - INFO - ✅ Collection successful: 4 candles collected
2025-08-07 09:19:00,292 - services.data_service - INFO -   📈 USD/BRL(OTC): down | O:5.32085 C:5.31547 | Change: -0.00537
2025-08-07 09:19:00,292 - services.data_service - INFO -   📈 NZD/CAD(OTC): up | O:0.81639 C:0.81652 | Change: +0.00013
2025-08-07 09:19:00,292 - services.data_service - INFO -   📈 USD/BDT(OTC): down | O:126.61300 C:126.61300 | Change: +0.00000
2025-08-07 09:19:00,292 - services.data_service - INFO -   📈 USD/EGP(OTC): down | O:50.98830 C:50.98500 | Change: -0.00330
2025-08-07 09:19:00,829 - services.data_service - INFO - 📊 Database: 742 total candles
2025-08-07 09:19:00,830 - services.data_service - INFO - ⏳ Next collection in 52.5s...
2025-08-07 09:19:53,331 - services.data_service - INFO - 📊 Starting data collection cycle...
2025-08-07 09:20:00,963 - services.data_service - INFO - ✅ Collection successful: 4 candles collected
2025-08-07 09:20:00,964 - services.data_service - INFO -   📈 USD/BRL(OTC): down | O:5.31491 C:5.30729 | Change: -0.00762
2025-08-07 09:20:00,964 - services.data_service - INFO -   📈 NZD/CAD(OTC): up | O:0.81652 C:0.81661 | Change: +0.00009
2025-08-07 09:20:00,964 - services.data_service - INFO -   📈 USD/BDT(OTC): up | O:126.61300 C:126.64100 | Change: +0.02800
2025-08-07 09:20:00,964 - services.data_service - INFO -   📈 USD/EGP(OTC): down | O:50.98500 C:50.98200 | Change: -0.00300
2025-08-07 09:20:01,924 - services.data_service - INFO - 📊 Database: 746 total candles
2025-08-07 09:20:01,925 - services.data_service - INFO - ⏳ Next collection in 51.4s...
2025-08-07 09:20:53,345 - services.data_service - INFO - 📊 Starting data collection cycle...
2025-08-07 09:21:00,839 - services.data_service - INFO - ✅ Collection successful: 4 candles collected
2025-08-07 09:21:00,839 - services.data_service - INFO -   📈 USD/BRL(OTC): up | O:5.30729 C:5.31576 | Change: +0.00846
2025-08-07 09:21:00,840 - services.data_service - INFO -   📈 NZD/CAD(OTC): down | O:0.81661 C:0.81654 | Change: -0.00007
2025-08-07 09:21:00,840 - services.data_service - INFO -   📈 USD/BDT(OTC): down | O:126.64100 C:126.63200 | Change: -0.00900
2025-08-07 09:21:00,840 - services.data_service - INFO -   📈 USD/EGP(OTC): down | O:50.98200 C:50.97870 | Change: -0.00330
2025-08-07 09:21:01,434 - services.data_service - INFO - 📊 Database: 750 total candles
2025-08-07 09:21:01,435 - services.data_service - INFO - ⏳ Next collection in 51.9s...
2025-08-07 09:21:53,359 - services.data_service - INFO - 📊 Starting data collection cycle...
2025-08-07 09:22:00,949 - services.data_service - INFO - ✅ Collection successful: 4 candles collected
2025-08-07 09:22:00,950 - services.data_service - INFO -   📈 USD/BRL(OTC): up | O:5.31576 C:5.32425 | Change: +0.00849
2025-08-07 09:22:00,950 - services.data_service - INFO -   📈 NZD/CAD(OTC): down | O:0.81654 C:0.81651 | Change: -0.00003
2025-08-07 09:22:00,950 - services.data_service - INFO -   📈 USD/BDT(OTC): down | O:126.63200 C:126.60700 | Change: -0.02500
2025-08-07 09:22:00,951 - services.data_service - INFO -   📈 USD/EGP(OTC): up | O:50.97870 C:50.98260 | Change: +0.00390
2025-08-07 09:22:01,875 - services.data_service - INFO - 📊 Database: 754 total candles
2025-08-07 09:22:01,875 - services.data_service - INFO - ⏳ Next collection in 51.5s...
2025-08-07 09:22:53,373 - services.data_service - INFO - 📊 Starting data collection cycle...
2025-08-07 09:23:00,725 - services.data_service - INFO - ✅ Collection successful: 4 candles collected
2025-08-07 09:23:00,726 - services.data_service - INFO -   📈 USD/BRL(OTC): up | O:5.32425 C:5.33419 | Change: +0.00994
2025-08-07 09:23:00,726 - services.data_service - INFO -   📈 NZD/CAD(OTC): up | O:0.81651 C:0.81674 | Change: +0.00023
2025-08-07 09:23:00,726 - services.data_service - INFO -   📈 USD/BDT(OTC): down | O:126.60900 C:126.58900 | Change: -0.02000
2025-08-07 09:23:00,726 - services.data_service - INFO -   📈 USD/EGP(OTC): down | O:50.98250 C:50.98210 | Change: -0.00040
2025-08-07 09:23:01,259 - services.data_service - INFO - 📊 Database: 758 total candles
2025-08-07 09:23:01,259 - services.data_service - INFO - ⏳ Next collection in 52.1s...
2025-08-07 09:23:53,385 - services.data_service - INFO - 📊 Starting data collection cycle...
2025-08-07 09:30:43,869 - services.data_service - INFO - 🛑 Received signal 2. Initiating graceful shutdown...
2025-08-07 09:30:43,871 - services.data_service - INFO - 🛑 Received signal 2. Initiating graceful shutdown...
2025-08-07 09:32:32,278 - services.data_service - INFO - 🚀 Initializing Continuous Data Service...
2025-08-07 09:32:32,278 - services.data_service - INFO - 🔌 Connecting to MongoDB...
2025-08-07 09:32:35,775 - services.data_service - INFO - ✅ MongoDB connected successfully
2025-08-07 09:32:35,776 - services.data_service - INFO - 📊 Configured trading pairs in database: ['USD/BRL(OTC)', 'NZD/CAD(OTC)', 'USD/BDT(OTC)', 'USD/EGP(OTC)']
2025-08-07 09:32:35,776 - services.data_service - INFO - 📊 Configured trading pairs for PyQuotex: ['USDBRL', 'NZDCAD', 'USDBDT', 'USDEGP']
2025-08-07 09:32:35,799 - services.data_service - INFO - 🔄 Starting continuous data collection...
2025-08-07 09:32:35,799 - services.data_service - INFO - 🔌 Connecting to PyQuotex (attempt 1/5)...
2025-08-07 09:32:40,630 - services.data_service - INFO - 🚀 Initializing Continuous Data Service...
2025-08-07 09:32:40,630 - services.data_service - INFO - 🔌 Connecting to MongoDB...
2025-08-07 09:32:43,462 - services.data_service - INFO - ✅ Connected to PyQuotex successfully
2025-08-07 09:32:43,462 - services.data_service - INFO - 📊 Available pairs in PyQuotex: ['ADAUSD_otc', 'APTUSD_otc', 'ARBUSD_otc', 'ATOUSD_otc', 'AUDCAD', 'AUDCAD_otc', 'AUDCHF', 'AUDCHF_otc', 'AUDJPY', 'AUDJPY_otc', 'AUDNZD_otc', 'AUDUSD', 'AUDUSD_otc', 'AVAUSD_otc', 'AXJAUD', 'AXP_otc', 'AXSUSD_otc', 'BA_otc', 'BCHUSD_otc', 'BEAUSD_otc', 'BNBUSD_otc', 'BONUSD_otc', 'BRLUSD_otc', 'BTCUSD_otc', 'CADCHF_otc', 'CADJPY', 'CADJPY_otc', 'CHFJPY', 'CHFJPY_otc', 'CHIA50', 'DASUSD_otc', 'DJIUSD', 'DOGUSD_otc', 'DOTUSD_otc', 'ETCUSD_otc', 'ETHUSD_otc', 'EURAUD', 'EURAUD_otc', 'EURCAD', 'EURCAD_otc', 'EURCHF', 'EURCHF_otc', 'EURGBP', 'EURGBP_otc', 'EURJPY', 'EURJPY_otc', 'EURNZD_otc', 'EURSGD_otc', 'EURUSD', 'EURUSD_otc', 'F40EUR', 'FB_otc', 'FLOUSD_otc', 'FTSGBP', 'GALUSD_otc', 'GBPAUD', 'GBPAUD_otc', 'GBPCAD', 'GBPCAD_otc', 'GBPCHF', 'GBPCHF_otc', 'GBPJPY', 'GBPJPY_otc', 'GBPNZD_otc', 'GBPUSD', 'GBPUSD_otc', 'HMSUSD_otc', 'HSIHKD', 'IBXEUR', 'INTC_otc', 'JNJ_otc', 'JPXJPY', 'LINUSD_otc', 'LTCUSD_otc', 'MANUSD_otc', 'MCD_otc', 'MELUSD_otc', 'MSFT_otc', 'NDXUSD', 'NOTUSD_otc', 'NZDCAD_otc', 'NZDCHF_otc', 'NZDJPY_otc', 'NZDUSD_otc', 'PEPUSD_otc', 'PFE_otc', 'SHIUSD_otc', 'SOLUSD_otc', 'STXEUR', 'TIAUSD_otc', 'TONUSD_otc', 'TRUUSD_otc', 'TRXUSD_otc', 'UKBrent_otc', 'USCrude_otc', 'USDARS_otc', 'USDBDT_otc', 'USDCAD', 'USDCAD_otc', 'USDCHF', 'USDCHF_otc', 'USDCOP_otc', 'USDDZD_otc', 'USDEGP_otc', 'USDIDR_otc', 'USDINR_otc', 'USDJPY', 'USDJPY_otc', 'USDMXN_otc', 'USDNGN_otc', 'USDPHP_otc', 'USDPKR_otc', 'USDTRY_otc', 'USDZAR_otc', 'WIFUSD_otc', 'XAGUSD', 'XAGUSD_otc', 'XAUUSD', 'XAUUSD_otc', 'XRPUSD_otc', 'ZECUSD_otc']
2025-08-07 09:32:43,463 - services.data_service - WARNING - ⚠️ Trading pair not available in PyQuotex: USDBRL
2025-08-07 09:32:43,463 - services.data_service - WARNING - ⚠️ Trading pair not available in PyQuotex: NZDCAD
2025-08-07 09:32:43,463 - services.data_service - WARNING - ⚠️ Trading pair not available in PyQuotex: USDBDT
2025-08-07 09:32:43,463 - services.data_service - WARNING - ⚠️ Trading pair not available in PyQuotex: USDEGP
2025-08-07 09:32:43,463 - services.data_service - WARNING - ⚠️ None of the configured pairs were found in the available pairs list
2025-08-07 09:32:43,463 - services.data_service - INFO - 📊 Continuing with configured pairs: ['USDBRL', 'NZDCAD', 'USDBDT', 'USDEGP']
2025-08-07 09:32:43,464 - services.data_service - INFO - 📊 Starting data collection cycle...
2025-08-07 09:32:44,071 - services.data_service - INFO - ✅ MongoDB connected successfully
2025-08-07 09:32:44,072 - services.data_service - INFO - 📊 Configured trading pairs in database: ['USD/BRL(OTC)', 'NZD/CAD(OTC)', 'USD/BDT(OTC)', 'USD/EGP(OTC)']
2025-08-07 09:32:44,072 - services.data_service - INFO - 📊 Configured trading pairs for PyQuotex: ['USDBRL', 'NZDCAD', 'USDBDT', 'USDEGP']
2025-08-07 09:32:44,073 - services.data_service - INFO - 📡 WebSocket broadcaster configured
2025-08-07 09:32:50,831 - services.data_service - INFO - ✅ Collection successful: 4 candles collected
2025-08-07 09:32:50,832 - services.data_service - INFO -   📈 USD/BRL(OTC): down | O:5.28569 C:5.27649 | Change: -0.00920
2025-08-07 09:32:50,832 - services.data_service - INFO -   📈 NZD/CAD(OTC): up | O:0.81680 C:0.81681 | Change: +0.00001
2025-08-07 09:32:50,832 - services.data_service - INFO -   📈 USD/BDT(OTC): down | O:126.45100 C:126.44800 | Change: -0.00300
2025-08-07 09:32:50,832 - services.data_service - INFO -   📈 USD/EGP(OTC): up | O:50.98120 C:50.98160 | Change: +0.00040
2025-08-07 09:32:51,369 - services.data_service - INFO - 📊 Database: 762 total candles
2025-08-07 09:32:51,369 - services.data_service - INFO - ⏳ Next collection in 52.1s...
2025-08-07 09:33:43,474 - services.data_service - INFO - 📊 Starting data collection cycle...
2025-08-07 09:33:50,618 - services.data_service - INFO - ✅ Collection successful: 4 candles collected
2025-08-07 09:33:50,619 - services.data_service - INFO -   📈 USD/BRL(OTC): up | O:5.27649 C:5.27844 | Change: +0.00195
2025-08-07 09:33:50,619 - services.data_service - INFO -   📈 NZD/CAD(OTC): down | O:0.81682 C:0.81671 | Change: -0.00011
2025-08-07 09:33:50,620 - services.data_service - INFO -   📈 USD/BDT(OTC): up | O:126.44800 C:126.45500 | Change: +0.00700
2025-08-07 09:33:50,620 - services.data_service - INFO -   📈 USD/EGP(OTC): down | O:50.98160 C:50.98000 | Change: -0.00160
2025-08-07 09:33:51,178 - services.data_service - INFO - 📊 Database: 766 total candles
2025-08-07 09:33:51,179 - services.data_service - INFO - ⏳ Next collection in 52.3s...
2025-08-07 09:34:43,486 - services.data_service - INFO - 📊 Starting data collection cycle...
2025-08-07 09:34:50,964 - services.data_service - INFO - ✅ Collection successful: 4 candles collected
2025-08-07 09:34:50,965 - services.data_service - INFO -   📈 USD/BRL(OTC): down | O:5.27844 C:5.27065 | Change: -0.00779
2025-08-07 09:34:50,965 - services.data_service - INFO -   📈 NZD/CAD(OTC): up | O:0.81671 C:0.81678 | Change: +0.00007
2025-08-07 09:34:50,966 - services.data_service - INFO -   📈 USD/BDT(OTC): up | O:126.45500 C:126.48100 | Change: +0.02600
2025-08-07 09:34:50,966 - services.data_service - INFO -   📈 USD/EGP(OTC): up | O:50.98000 C:50.98200 | Change: +0.00200
2025-08-07 09:34:51,464 - services.data_service - INFO - 📊 Database: 770 total candles
2025-08-07 09:34:51,465 - services.data_service - INFO - ⏳ Next collection in 52.0s...
2025-08-07 09:35:43,500 - services.data_service - INFO - 📊 Starting data collection cycle...
2025-08-07 09:35:50,561 - services.data_service - INFO - ✅ Collection successful: 4 candles collected
2025-08-07 09:35:50,562 - services.data_service - INFO -   📈 USD/BRL(OTC): up | O:5.27065 C:5.28457 | Change: +0.01393
2025-08-07 09:35:50,563 - services.data_service - INFO -   📈 NZD/CAD(OTC): up | O:0.81676 C:0.81692 | Change: +0.00016
2025-08-07 09:35:50,563 - services.data_service - INFO -   📈 USD/BDT(OTC): down | O:126.48100 C:126.47500 | Change: -0.00600
2025-08-07 09:35:50,563 - services.data_service - INFO -   📈 USD/EGP(OTC): up | O:50.98200 C:50.98410 | Change: +0.00210
2025-08-07 09:35:51,074 - services.data_service - INFO - 📊 Database: 774 total candles
2025-08-07 09:35:51,074 - services.data_service - INFO - ⏳ Next collection in 52.4s...
2025-08-07 09:36:43,514 - services.data_service - INFO - 📊 Starting data collection cycle...
2025-08-07 09:36:50,293 - services.data_service - INFO - ✅ Collection successful: 4 candles collected
2025-08-07 09:36:50,295 - services.data_service - INFO -   📈 USD/BRL(OTC): up | O:5.28457 C:5.29353 | Change: +0.00895
2025-08-07 09:36:50,295 - services.data_service - INFO -   📈 NZD/CAD(OTC): down | O:0.81692 C:0.81668 | Change: -0.00024
2025-08-07 09:36:50,295 - services.data_service - INFO -   📈 USD/BDT(OTC): up | O:126.47500 C:126.48300 | Change: +0.00800
2025-08-07 09:36:50,296 - services.data_service - INFO -   📈 USD/EGP(OTC): up | O:50.98410 C:50.98430 | Change: +0.00020
2025-08-07 09:36:51,197 - services.data_service - INFO - 📊 Database: 778 total candles
2025-08-07 09:36:51,198 - services.data_service - INFO - ⏳ Next collection in 52.3s...
2025-08-07 09:37:43,529 - services.data_service - INFO - 📊 Starting data collection cycle...
2025-08-07 09:37:50,202 - services.data_service - INFO - ✅ Collection successful: 4 candles collected
2025-08-07 09:37:50,203 - services.data_service - INFO -   📈 USD/BRL(OTC): up | O:5.29353 C:5.32964 | Change: +0.03611
2025-08-07 09:37:50,203 - services.data_service - INFO -   📈 NZD/CAD(OTC): up | O:0.81668 C:0.81669 | Change: +0.00001
2025-08-07 09:37:50,203 - services.data_service - INFO -   📈 USD/BDT(OTC): down | O:126.48300 C:126.48300 | Change: +0.00000
2025-08-07 09:37:50,204 - services.data_service - INFO -   📈 USD/EGP(OTC): up | O:50.98430 C:50.98520 | Change: +0.00090
2025-08-07 09:37:50,718 - services.data_service - INFO - 📊 Database: 782 total candles
2025-08-07 09:37:50,718 - services.data_service - INFO - ⏳ Next collection in 52.8s...
2025-08-07 09:38:43,550 - services.data_service - INFO - 📊 Starting data collection cycle...
2025-08-07 09:38:53,820 - services.data_service - INFO - ✅ Collection successful: 4 candles collected
2025-08-07 09:38:53,820 - services.data_service - INFO -   📈 USD/BRL(OTC): down | O:5.32964 C:5.31717 | Change: -0.01247
2025-08-07 09:38:53,820 - services.data_service - INFO -   📈 NZD/CAD(OTC): up | O:0.81669 C:0.81676 | Change: +0.00007
2025-08-07 09:38:53,820 - services.data_service - INFO -   📈 USD/BDT(OTC): up | O:126.48300 C:126.53100 | Change: +0.04800
2025-08-07 09:38:53,821 - services.data_service - INFO -   📈 USD/EGP(OTC): down | O:50.98550 C:50.98400 | Change: -0.00150
2025-08-07 09:38:54,324 - services.data_service - INFO - 📊 Database: 786 total candles
2025-08-07 09:38:54,324 - services.data_service - INFO - ⏳ Next collection in 49.2s...
2025-08-07 09:39:43,566 - services.data_service - INFO - 📊 Starting data collection cycle...
2025-08-07 09:39:51,027 - services.data_service - INFO - ✅ Collection successful: 4 candles collected
2025-08-07 09:39:51,028 - services.data_service - INFO -   📈 USD/BRL(OTC): up | O:5.31660 C:5.31745 | Change: +0.00085
2025-08-07 09:39:51,028 - services.data_service - INFO -   📈 NZD/CAD(OTC): down | O:0.81676 C:0.81671 | Change: -0.00005
2025-08-07 09:39:51,029 - services.data_service - INFO -   📈 USD/BDT(OTC): up | O:126.53000 C:126.54800 | Change: +0.01800
2025-08-07 09:39:51,029 - services.data_service - INFO -   📈 USD/EGP(OTC): up | O:50.98400 C:50.98750 | Change: +0.00350
2025-08-07 09:39:51,539 - services.data_service - INFO - 📊 Database: 790 total candles
2025-08-07 09:39:51,539 - services.data_service - INFO - ⏳ Next collection in 52.0s...
2025-08-07 09:40:43,587 - services.data_service - INFO - 📊 Starting data collection cycle...
2025-08-07 09:40:50,754 - services.data_service - INFO - ✅ Collection successful: 4 candles collected
2025-08-07 09:40:50,755 - services.data_service - INFO -   📈 USD/BRL(OTC): down | O:5.31830 C:5.30617 | Change: -0.01213
2025-08-07 09:40:50,755 - services.data_service - INFO -   📈 NZD/CAD(OTC): down | O:0.81671 C:0.81668 | Change: -0.00003
2025-08-07 09:40:50,755 - services.data_service - INFO -   📈 USD/BDT(OTC): down | O:126.54800 C:126.49400 | Change: -0.05400
2025-08-07 09:40:50,755 - services.data_service - INFO -   📈 USD/EGP(OTC): down | O:50.98730 C:50.98570 | Change: -0.00160
2025-08-07 09:40:51,266 - services.data_service - INFO - 📊 Database: 794 total candles
2025-08-07 09:40:51,267 - services.data_service - INFO - ⏳ Next collection in 52.3s...
2025-08-07 09:41:43,606 - services.data_service - INFO - 📊 Starting data collection cycle...
2025-08-07 09:41:50,946 - services.data_service - INFO - ✅ Collection successful: 4 candles collected
2025-08-07 09:41:50,948 - services.data_service - INFO -   📈 USD/BRL(OTC): up | O:5.30701 C:5.31406 | Change: +0.00705
2025-08-07 09:41:50,948 - services.data_service - INFO -   📈 NZD/CAD(OTC): up | O:0.81668 C:0.81671 | Change: +0.00003
2025-08-07 09:41:50,949 - services.data_service - INFO -   📈 USD/BDT(OTC): down | O:126.49300 C:126.48400 | Change: -0.00900
2025-08-07 09:41:50,949 - services.data_service - INFO -   📈 USD/EGP(OTC): up | O:50.98570 C:50.98690 | Change: +0.00120
2025-08-07 09:41:51,442 - services.data_service - INFO - 📊 Database: 798 total candles
2025-08-07 09:41:51,443 - services.data_service - INFO - 📊 Service Statistics:
2025-08-07 09:41:51,443 - services.data_service - INFO -   🕐 Uptime: 0.15 hours
2025-08-07 09:41:51,444 - services.data_service - INFO -   📈 Collections: 10 total, 10 successful
2025-08-07 09:41:51,444 - services.data_service - INFO -   ✅ Success rate: 100.0%
2025-08-07 09:41:51,444 - services.data_service - INFO -   🔄 Reconnections: 0
2025-08-07 09:41:51,445 - services.data_service - INFO -   ⏰ Last collection: 0.0 minutes ago
2025-08-07 09:41:51,446 - services.data_service - INFO - ⏳ Next collection in 52.2s...
2025-08-07 09:42:43,623 - services.data_service - INFO - 📊 Starting data collection cycle...
2025-08-07 09:42:53,440 - services.data_service - INFO - ✅ Collection successful: 4 candles collected
2025-08-07 09:42:53,441 - services.data_service - INFO -   📈 USD/BRL(OTC): down | O:5.31406 C:5.31406 | Change: +0.00000
2025-08-07 09:42:53,441 - services.data_service - INFO -   📈 NZD/CAD(OTC): up | O:0.81671 C:0.81676 | Change: +0.00005
2025-08-07 09:42:53,441 - services.data_service - INFO -   📈 USD/BDT(OTC): up | O:126.48200 C:126.51500 | Change: +0.03300
2025-08-07 09:42:53,441 - services.data_service - INFO -   📈 USD/EGP(OTC): up | O:50.98710 C:50.98900 | Change: +0.00190
2025-08-07 09:42:53,942 - services.data_service - INFO - 📊 Database: 802 total candles
2025-08-07 09:42:53,942 - services.data_service - INFO - ⏳ Next collection in 49.7s...
2025-08-07 09:43:43,633 - services.data_service - INFO - 📊 Starting data collection cycle...
2025-08-07 09:43:51,461 - services.data_service - INFO - ✅ Collection successful: 4 candles collected
2025-08-07 09:43:51,462 - services.data_service - INFO -   📈 USD/BRL(OTC): down | O:5.31463 C:5.31406 | Change: -0.00056
2025-08-07 09:43:51,463 - services.data_service - INFO -   📈 NZD/CAD(OTC): down | O:0.81676 C:0.81676 | Change: +0.00000
2025-08-07 09:43:51,463 - services.data_service - INFO -   📈 USD/BDT(OTC): up | O:126.51300 C:126.51700 | Change: +0.00400
2025-08-07 09:43:51,463 - services.data_service - INFO -   📈 USD/EGP(OTC): up | O:50.98900 C:50.99020 | Change: +0.00120
2025-08-07 09:43:52,333 - services.data_service - INFO - 📊 Database: 806 total candles
2025-08-07 09:43:52,334 - services.data_service - INFO - ⏳ Next collection in 51.3s...
2025-08-07 09:44:43,643 - services.data_service - INFO - 📊 Starting data collection cycle...
2025-08-07 09:44:51,077 - services.data_service - INFO - ✅ Collection successful: 4 candles collected
2025-08-07 09:44:51,078 - services.data_service - INFO -   📈 USD/BRL(OTC): down | O:5.31463 C:5.30729 | Change: -0.00733
2025-08-07 09:44:51,078 - services.data_service - INFO -   📈 NZD/CAD(OTC): up | O:0.81674 C:0.81677 | Change: +0.00003
2025-08-07 09:44:51,078 - services.data_service - INFO -   📈 USD/BDT(OTC): up | O:126.52100 C:126.54000 | Change: +0.01900
2025-08-07 09:44:51,078 - services.data_service - INFO -   📈 USD/EGP(OTC): down | O:50.99000 C:50.98890 | Change: -0.00110
2025-08-07 09:44:51,580 - services.data_service - INFO - 📊 Database: 810 total candles
2025-08-07 09:44:51,580 - services.data_service - INFO - ⏳ Next collection in 52.1s...
2025-08-07 09:45:43,654 - services.data_service - INFO - 📊 Starting data collection cycle...
2025-08-07 09:45:56,536 - services.data_service - INFO - ✅ Collection successful: 4 candles collected
2025-08-07 09:45:56,537 - services.data_service - INFO -   📈 USD/BRL(OTC): down | O:5.30814 C:5.30532 | Change: -0.00282
2025-08-07 09:45:56,537 - services.data_service - INFO -   📈 NZD/CAD(OTC): down | O:0.81677 C:0.81673 | Change: -0.00004
2025-08-07 09:45:56,537 - services.data_service - INFO -   📈 USD/BDT(OTC): up | O:126.53600 C:126.53800 | Change: +0.00200
2025-08-07 09:45:56,537 - services.data_service - INFO -   📈 USD/EGP(OTC): down | O:50.98940 C:50.98850 | Change: -0.00090
2025-08-07 09:45:57,082 - services.data_service - INFO - 📊 Database: 814 total candles
2025-08-07 09:45:57,083 - services.data_service - INFO - ⏳ Next collection in 46.6s...
2025-08-07 09:46:43,663 - services.data_service - INFO - 📊 Starting data collection cycle...
2025-08-07 09:46:51,809 - services.data_service - INFO - ✅ Collection successful: 4 candles collected
2025-08-07 09:46:51,810 - services.data_service - INFO -   📈 USD/BRL(OTC): up | O:5.30420 C:5.31237 | Change: +0.00817
2025-08-07 09:46:51,810 - services.data_service - INFO -   📈 NZD/CAD(OTC): up | O:0.81673 C:0.81677 | Change: +0.00004
2025-08-07 09:46:51,810 - services.data_service - INFO -   📈 USD/BDT(OTC): down | O:126.53800 C:126.50700 | Change: -0.03100
2025-08-07 09:46:51,810 - services.data_service - INFO -   📈 USD/EGP(OTC): up | O:50.98860 C:50.99010 | Change: +0.00150
2025-08-07 09:46:52,693 - services.data_service - INFO - 📊 Database: 818 total candles
2025-08-07 09:46:52,693 - services.data_service - INFO - ⏳ Next collection in 51.0s...
2025-08-07 09:47:43,676 - services.data_service - INFO - 📊 Starting data collection cycle...
2025-08-07 09:47:51,632 - services.data_service - INFO - ✅ Collection successful: 4 candles collected
2025-08-07 09:47:51,632 - services.data_service - INFO -   📈 USD/BRL(OTC): down | O:5.31237 C:5.30307 | Change: -0.00930
2025-08-07 09:47:51,633 - services.data_service - INFO -   📈 NZD/CAD(OTC): down | O:0.81677 C:0.81676 | Change: -0.00001
2025-08-07 09:47:51,633 - services.data_service - INFO -   📈 USD/BDT(OTC): up | O:126.50700 C:126.54300 | Change: +0.03600
2025-08-07 09:47:51,633 - services.data_service - INFO -   📈 USD/EGP(OTC): up | O:50.99020 C:50.99180 | Change: +0.00160
2025-08-07 09:47:52,140 - services.data_service - INFO - 📊 Database: 822 total candles
2025-08-07 09:47:52,140 - services.data_service - INFO - ⏳ Next collection in 51.5s...
2025-08-07 09:48:43,693 - services.data_service - INFO - 📊 Starting data collection cycle...
2025-08-07 09:48:51,434 - services.data_service - INFO - ✅ Collection successful: 4 candles collected
2025-08-07 09:48:51,434 - services.data_service - INFO -   📈 USD/BRL(OTC): down | O:5.30307 C:5.30307 | Change: +0.00000
2025-08-07 09:48:51,434 - services.data_service - INFO -   📈 NZD/CAD(OTC): down | O:0.81676 C:0.81675 | Change: -0.00001
2025-08-07 09:48:51,435 - services.data_service - INFO -   📈 USD/BDT(OTC): up | O:126.54300 C:126.58700 | Change: +0.04400
2025-08-07 09:48:51,435 - services.data_service - INFO -   📈 USD/EGP(OTC): down | O:50.99180 C:50.99010 | Change: -0.00170
2025-08-07 09:48:51,929 - services.data_service - INFO - 📊 Database: 826 total candles
2025-08-07 09:48:51,929 - services.data_service - INFO - ⏳ Next collection in 51.8s...
2025-08-07 09:49:43,703 - services.data_service - INFO - 📊 Starting data collection cycle...
2025-08-07 09:49:51,167 - services.data_service - INFO - ✅ Collection successful: 4 candles collected
2025-08-07 09:49:51,167 - services.data_service - INFO -   📈 USD/BRL(OTC): up | O:5.30307 C:5.31321 | Change: +0.01014
2025-08-07 09:49:51,167 - services.data_service - INFO -   📈 NZD/CAD(OTC): up | O:0.81675 C:0.81680 | Change: +0.00005
2025-08-07 09:49:51,167 - services.data_service - INFO -   📈 USD/BDT(OTC): up | O:126.58700 C:126.59900 | Change: +0.01200
2025-08-07 09:49:51,168 - services.data_service - INFO -   📈 USD/EGP(OTC): down | O:50.99010 C:50.98820 | Change: -0.00190
2025-08-07 09:49:51,671 - services.data_service - INFO - 📊 Database: 830 total candles
2025-08-07 09:49:51,671 - services.data_service - INFO - ⏳ Next collection in 52.0s...
2025-08-07 09:50:43,715 - services.data_service - INFO - 📊 Starting data collection cycle...
2025-08-07 09:50:52,217 - services.data_service - INFO - ✅ Collection successful: 4 candles collected
2025-08-07 09:50:52,217 - services.data_service - INFO -   📈 USD/BRL(OTC): up | O:5.31208 C:5.33106 | Change: +0.01897
2025-08-07 09:50:52,218 - services.data_service - INFO -   📈 NZD/CAD(OTC): down | O:0.81680 C:0.81679 | Change: -0.00001
2025-08-07 09:50:52,218 - services.data_service - INFO -   📈 USD/BDT(OTC): down | O:126.60000 C:126.55800 | Change: -0.04200
2025-08-07 09:50:52,218 - services.data_service - INFO -   📈 USD/EGP(OTC): down | O:50.98850 C:50.98610 | Change: -0.00240
2025-08-07 09:50:53,134 - services.data_service - INFO - 📊 Database: 834 total candles
2025-08-07 09:50:53,134 - services.data_service - INFO - ⏳ Next collection in 50.6s...
2025-08-07 09:51:43,728 - services.data_service - INFO - 📊 Starting data collection cycle...
2025-08-07 09:51:54,932 - services.data_service - INFO - ✅ Collection successful: 4 candles collected
2025-08-07 09:51:54,932 - services.data_service - INFO -   📈 USD/BRL(OTC): down | O:5.33106 C:5.33049 | Change: -0.00057
2025-08-07 09:51:54,932 - services.data_service - INFO -   📈 NZD/CAD(OTC): down | O:0.81679 C:0.81679 | Change: +0.00000
2025-08-07 09:51:54,933 - services.data_service - INFO -   📈 USD/BDT(OTC): up | O:126.55800 C:126.57200 | Change: +0.01400
2025-08-07 09:51:54,933 - services.data_service - INFO -   📈 USD/EGP(OTC): up | O:50.98610 C:50.98740 | Change: +0.00130
2025-08-07 09:51:55,607 - services.data_service - INFO - 📊 Database: 838 total candles
2025-08-07 09:51:55,608 - services.data_service - INFO - 📊 Service Statistics:
2025-08-07 09:51:55,609 - services.data_service - INFO -   🕐 Uptime: 0.32 hours
2025-08-07 09:51:55,610 - services.data_service - INFO -   📈 Collections: 20 total, 20 successful
2025-08-07 09:51:55,610 - services.data_service - INFO -   ✅ Success rate: 100.0%
2025-08-07 09:51:55,610 - services.data_service - INFO -   🔄 Reconnections: 0
2025-08-07 09:51:55,610 - services.data_service - INFO -   ⏰ Last collection: 0.0 minutes ago
2025-08-07 09:51:55,610 - services.data_service - INFO - ⏳ Next collection in 48.1s...
2025-08-07 09:52:43,739 - services.data_service - INFO - 📊 Starting data collection cycle...
2025-08-07 09:52:51,055 - services.data_service - INFO - ✅ Collection successful: 4 candles collected
2025-08-07 09:52:51,057 - services.data_service - INFO -   📈 USD/BRL(OTC): up | O:5.33049 C:5.35045 | Change: +0.01996
2025-08-07 09:52:51,057 - services.data_service - INFO -   📈 NZD/CAD(OTC): down | O:0.81679 C:0.81679 | Change: +0.00000
2025-08-07 09:52:51,057 - services.data_service - INFO -   📈 USD/BDT(OTC): down | O:126.57200 C:126.49800 | Change: -0.07400
2025-08-07 09:52:51,058 - services.data_service - INFO -   📈 USD/EGP(OTC): down | O:50.98740 C:50.98740 | Change: +0.00000
2025-08-07 09:52:51,571 - services.data_service - INFO - 📊 Database: 842 total candles
2025-08-07 09:52:51,572 - services.data_service - INFO - ⏳ Next collection in 52.2s...
2025-08-07 09:53:43,753 - services.data_service - INFO - 📊 Starting data collection cycle...
2025-08-07 09:53:50,975 - services.data_service - INFO - ✅ Collection successful: 4 candles collected
2025-08-07 09:53:50,976 - services.data_service - INFO -   📈 USD/BRL(OTC): up | O:5.35045 C:5.35676 | Change: +0.00631
2025-08-07 09:53:50,976 - services.data_service - INFO -   📈 NZD/CAD(OTC): down | O:0.81679 C:0.81678 | Change: -0.00001
2025-08-07 09:53:50,976 - services.data_service - INFO -   📈 USD/BDT(OTC): up | O:126.49800 C:126.51000 | Change: +0.01200
2025-08-07 09:53:50,976 - services.data_service - INFO -   📈 USD/EGP(OTC): up | O:50.98740 C:50.99030 | Change: +0.00290
2025-08-07 09:53:51,478 - services.data_service - INFO - 📊 Database: 846 total candles
2025-08-07 09:53:51,479 - services.data_service - INFO - ⏳ Next collection in 52.3s...
2025-08-07 09:54:43,765 - services.data_service - INFO - 📊 Starting data collection cycle...
2025-08-07 09:54:53,065 - services.data_service - INFO - ✅ Collection successful: 4 candles collected
2025-08-07 09:54:53,066 - services.data_service - INFO -   📈 USD/BRL(OTC): up | O:5.35676 C:5.35963 | Change: +0.00287
2025-08-07 09:54:53,067 - services.data_service - INFO -   📈 NZD/CAD(OTC): down | O:0.81680 C:0.81668 | Change: -0.00012
2025-08-07 09:54:53,067 - services.data_service - INFO -   📈 USD/BDT(OTC): down | O:126.51000 C:126.49400 | Change: -0.01600
2025-08-07 09:54:53,067 - services.data_service - INFO -   📈 USD/EGP(OTC): up | O:50.99030 C:50.99070 | Change: +0.00040
2025-08-07 09:54:53,699 - services.data_service - INFO - 📊 Database: 850 total candles
2025-08-07 09:54:53,700 - services.data_service - INFO - ⏳ Next collection in 50.1s...
2025-08-07 09:55:43,780 - services.data_service - INFO - 📊 Starting data collection cycle...
2025-08-07 09:55:51,803 - services.data_service - INFO - ✅ Collection successful: 4 candles collected
2025-08-07 09:55:51,805 - services.data_service - INFO -   📈 USD/BRL(OTC): down | O:5.35963 C:5.34502 | Change: -0.01461
2025-08-07 09:55:51,805 - services.data_service - INFO -   📈 NZD/CAD(OTC): up | O:0.81668 C:0.81678 | Change: +0.00010
2025-08-07 09:55:51,805 - services.data_service - INFO -   📈 USD/BDT(OTC): up | O:126.49400 C:126.49600 | Change: +0.00200
2025-08-07 09:55:51,805 - services.data_service - INFO -   📈 USD/EGP(OTC): down | O:50.99060 C:50.98910 | Change: -0.00150
2025-08-07 09:55:52,306 - services.data_service - INFO - 📊 Database: 854 total candles
2025-08-07 09:55:52,306 - services.data_service - INFO - ⏳ Next collection in 51.5s...
2025-08-07 09:56:43,791 - services.data_service - INFO - 📊 Starting data collection cycle...
2025-08-07 09:56:51,094 - services.data_service - INFO - ✅ Collection successful: 4 candles collected
2025-08-07 09:56:51,095 - services.data_service - INFO -   📈 USD/BRL(OTC): down | O:5.34502 C:5.34474 | Change: -0.00029
2025-08-07 09:56:51,095 - services.data_service - INFO -   📈 NZD/CAD(OTC): up | O:0.81678 C:0.81681 | Change: +0.00003
2025-08-07 09:56:51,095 - services.data_service - INFO -   📈 USD/BDT(OTC): up | O:126.47800 C:126.53100 | Change: +0.05300
2025-08-07 09:56:51,095 - services.data_service - INFO -   📈 USD/EGP(OTC): down | O:50.98910 C:50.98820 | Change: -0.00090
2025-08-07 09:56:51,617 - services.data_service - INFO - 📊 Database: 858 total candles
2025-08-07 09:56:51,617 - services.data_service - INFO - ⏳ Next collection in 52.2s...
2025-08-07 09:57:43,811 - services.data_service - INFO - 📊 Starting data collection cycle...
2025-08-07 09:57:52,678 - services.data_service - INFO - ✅ Collection successful: 4 candles collected
2025-08-07 09:57:52,679 - services.data_service - INFO -   📈 USD/BRL(OTC): down | O:5.34474 C:5.33703 | Change: -0.00770
2025-08-07 09:57:52,679 - services.data_service - INFO -   📈 NZD/CAD(OTC): up | O:0.81681 C:0.81692 | Change: +0.00011
2025-08-07 09:57:52,679 - services.data_service - INFO -   📈 USD/BDT(OTC): down | O:126.53300 C:126.51500 | Change: -0.01800
2025-08-07 09:57:52,679 - services.data_service - INFO -   📈 USD/EGP(OTC): down | O:50.98820 C:50.98400 | Change: -0.00420
2025-08-07 09:57:53,190 - services.data_service - INFO - 📊 Database: 862 total candles
2025-08-07 09:57:53,190 - services.data_service - INFO - ⏳ Next collection in 50.6s...
2025-08-07 09:58:43,829 - services.data_service - INFO - 📊 Starting data collection cycle...
2025-08-07 09:58:51,278 - services.data_service - INFO - ✅ Collection successful: 4 candles collected
2025-08-07 09:58:51,279 - services.data_service - INFO -   📈 USD/BRL(OTC): down | O:5.33703 C:5.33675 | Change: -0.00028
2025-08-07 09:58:51,279 - services.data_service - INFO -   📈 NZD/CAD(OTC): down | O:0.81692 C:0.81686 | Change: -0.00006
2025-08-07 09:58:51,279 - services.data_service - INFO -   📈 USD/BDT(OTC): up | O:126.51500 C:126.55000 | Change: +0.03500
2025-08-07 09:58:51,279 - services.data_service - INFO -   📈 USD/EGP(OTC): down | O:50.98410 C:50.97870 | Change: -0.00540
2025-08-07 09:58:51,824 - services.data_service - INFO - 📊 Database: 866 total candles
2025-08-07 09:58:51,824 - services.data_service - INFO - ⏳ Next collection in 52.0s...
2025-08-07 09:59:43,850 - services.data_service - INFO - 📊 Starting data collection cycle...
2025-08-07 09:59:51,131 - services.data_service - INFO - ✅ Collection successful: 4 candles collected
2025-08-07 09:59:51,133 - services.data_service - INFO -   📈 USD/BRL(OTC): up | O:5.33675 C:5.34074 | Change: +0.00399
2025-08-07 09:59:51,133 - services.data_service - INFO -   📈 NZD/CAD(OTC): down | O:0.81686 C:0.81680 | Change: -0.00006
2025-08-07 09:59:51,133 - services.data_service - INFO -   📈 USD/BDT(OTC): down | O:126.55000 C:126.51800 | Change: -0.03200
2025-08-07 09:59:51,134 - services.data_service - INFO -   📈 USD/EGP(OTC): down | O:50.97880 C:50.97850 | Change: -0.00030
2025-08-07 09:59:51,645 - services.data_service - INFO - 📊 Database: 870 total candles
2025-08-07 09:59:51,645 - services.data_service - INFO - ⏳ Next collection in 52.2s...
2025-08-07 10:00:43,862 - services.data_service - INFO - 📊 Starting data collection cycle...
2025-08-07 10:00:51,632 - services.data_service - INFO - ✅ Collection successful: 4 candles collected
2025-08-07 10:00:51,633 - services.data_service - INFO -   📈 USD/BRL(OTC): up | O:5.34559 C:5.36481 | Change: +0.01921
2025-08-07 10:00:51,633 - services.data_service - INFO -   📈 NZD/CAD(OTC): up | O:0.81680 C:0.81682 | Change: +0.00002
2025-08-07 10:00:51,633 - services.data_service - INFO -   📈 USD/BDT(OTC): up | O:126.51600 C:126.55100 | Change: +0.03500
2025-08-07 10:00:51,633 - services.data_service - INFO -   📈 USD/EGP(OTC): up | O:50.97840 C:50.97990 | Change: +0.00150
2025-08-07 10:00:52,162 - services.data_service - INFO - 📊 Database: 874 total candles
2025-08-07 10:00:52,162 - services.data_service - INFO - ⏳ Next collection in 51.7s...
2025-08-07 10:01:43,872 - services.data_service - INFO - 📊 Starting data collection cycle...
2025-08-07 10:01:52,297 - services.data_service - INFO - ✅ Collection successful: 4 candles collected
2025-08-07 10:01:52,298 - services.data_service - INFO -   📈 USD/BRL(OTC): up | O:5.36481 C:5.37577 | Change: +0.01096
2025-08-07 10:01:52,298 - services.data_service - INFO -   📈 NZD/CAD(OTC): down | O:0.81682 C:0.81679 | Change: -0.00003
2025-08-07 10:01:52,298 - services.data_service - INFO -   📈 USD/BDT(OTC): down | O:126.54700 C:126.54600 | Change: -0.00100
2025-08-07 10:01:52,299 - services.data_service - INFO -   📈 USD/EGP(OTC): down | O:50.98000 C:50.97690 | Change: -0.00310
2025-08-07 10:01:52,918 - services.data_service - INFO - 📊 Database: 878 total candles
2025-08-07 10:01:52,918 - services.data_service - INFO - 📊 Service Statistics:
2025-08-07 10:01:52,919 - services.data_service - INFO -   🕐 Uptime: 0.49 hours
2025-08-07 10:01:52,919 - services.data_service - INFO -   📈 Collections: 30 total, 30 successful
2025-08-07 10:01:52,919 - services.data_service - INFO -   ✅ Success rate: 100.0%
2025-08-07 10:01:52,919 - services.data_service - INFO -   🔄 Reconnections: 0
2025-08-07 10:01:52,920 - services.data_service - INFO -   ⏰ Last collection: 0.0 minutes ago
2025-08-07 10:01:52,920 - services.data_service - INFO - ⏳ Next collection in 51.0s...
2025-08-07 10:02:43,882 - services.data_service - INFO - 📊 Starting data collection cycle...
2025-08-07 10:02:51,153 - services.data_service - INFO - ✅ Collection successful: 4 candles collected
2025-08-07 10:02:51,153 - services.data_service - INFO -   📈 USD/BRL(OTC): down | O:5.37577 C:5.36942 | Change: -0.00635
2025-08-07 10:02:51,153 - services.data_service - INFO -   📈 NZD/CAD(OTC): down | O:0.81679 C:0.81673 | Change: -0.00006
2025-08-07 10:02:51,153 - services.data_service - INFO -   📈 USD/BDT(OTC): down | O:126.54800 C:126.52800 | Change: -0.02000
2025-08-07 10:02:51,153 - services.data_service - INFO -   📈 USD/EGP(OTC): up | O:50.97680 C:50.97770 | Change: +0.00090
2025-08-07 10:02:51,670 - services.data_service - INFO - 📊 Database: 882 total candles
2025-08-07 10:02:51,670 - services.data_service - INFO - ⏳ Next collection in 52.2s...
2025-08-07 10:03:43,894 - services.data_service - INFO - 📊 Starting data collection cycle...
2025-08-07 10:03:51,157 - services.data_service - INFO - ✅ Collection successful: 4 candles collected
2025-08-07 10:03:51,158 - services.data_service - INFO -   📈 USD/BRL(OTC): down | O:5.37028 C:5.36337 | Change: -0.00691
2025-08-07 10:03:51,159 - services.data_service - INFO -   📈 NZD/CAD(OTC): up | O:0.81673 C:0.81683 | Change: +0.00010
2025-08-07 10:03:51,159 - services.data_service - INFO -   📈 USD/BDT(OTC): down | O:126.52800 C:126.50500 | Change: -0.02300
2025-08-07 10:03:51,159 - services.data_service - INFO -   📈 USD/EGP(OTC): up | O:50.97770 C:50.97880 | Change: +0.00110
2025-08-07 10:03:51,681 - services.data_service - INFO - 📊 Database: 886 total candles
2025-08-07 10:03:51,681 - services.data_service - INFO - ⏳ Next collection in 52.2s...
2025-08-07 10:04:43,904 - services.data_service - INFO - 📊 Starting data collection cycle...
2025-08-07 10:04:50,669 - services.data_service - INFO - ✅ Collection successful: 4 candles collected
2025-08-07 10:04:50,669 - services.data_service - INFO -   📈 USD/BRL(OTC): down | O:5.36251 C:5.35561 | Change: -0.00689
2025-08-07 10:04:50,670 - services.data_service - INFO -   📈 NZD/CAD(OTC): down | O:0.81683 C:0.81678 | Change: -0.00005
2025-08-07 10:04:50,670 - services.data_service - INFO -   📈 USD/BDT(OTC): down | O:126.49900 C:126.47800 | Change: -0.02100
2025-08-07 10:04:50,670 - services.data_service - INFO -   📈 USD/EGP(OTC): up | O:50.97880 C:50.97990 | Change: +0.00110
2025-08-07 10:04:51,216 - services.data_service - INFO - 📊 Database: 890 total candles
2025-08-07 10:04:51,216 - services.data_service - INFO - ⏳ Next collection in 52.7s...
2025-08-07 10:05:43,915 - services.data_service - INFO - 📊 Starting data collection cycle...
2025-08-07 10:05:50,827 - services.data_service - INFO - ✅ Collection successful: 4 candles collected
2025-08-07 10:05:50,828 - services.data_service - INFO -   📈 USD/BRL(OTC): down | O:5.35504 C:5.35160 | Change: -0.00344
2025-08-07 10:05:50,829 - services.data_service - INFO -   📈 NZD/CAD(OTC): down | O:0.81678 C:0.81675 | Change: -0.00003
2025-08-07 10:05:50,829 - services.data_service - INFO -   📈 USD/BDT(OTC): down | O:126.47900 C:126.44700 | Change: -0.03200
2025-08-07 10:05:50,829 - services.data_service - INFO -   📈 USD/EGP(OTC): down | O:50.97950 C:50.97880 | Change: -0.00070
2025-08-07 10:05:51,368 - services.data_service - INFO - 📊 Database: 894 total candles
2025-08-07 10:05:51,369 - services.data_service - INFO - ⏳ Next collection in 52.5s...
2025-08-07 10:06:43,926 - services.data_service - INFO - 📊 Starting data collection cycle...
2025-08-07 10:06:51,085 - services.data_service - INFO - ✅ Collection successful: 4 candles collected
2025-08-07 10:06:51,085 - services.data_service - INFO -   📈 USD/BRL(OTC): up | O:5.35160 C:5.35389 | Change: +0.00229
2025-08-07 10:06:51,085 - services.data_service - INFO -   📈 NZD/CAD(OTC): down | O:0.81675 C:0.81672 | Change: -0.00003
2025-08-07 10:06:51,085 - services.data_service - INFO -   📈 USD/BDT(OTC): down | O:126.44700 C:126.42400 | Change: -0.02300
2025-08-07 10:06:51,085 - services.data_service - INFO -   📈 USD/EGP(OTC): up | O:50.97880 C:50.98110 | Change: +0.00230
2025-08-07 10:06:51,599 - services.data_service - INFO - 📊 Database: 898 total candles
2025-08-07 10:06:51,600 - services.data_service - INFO - ⏳ Next collection in 52.3s...
2025-08-07 10:07:43,937 - services.data_service - INFO - 📊 Starting data collection cycle...
2025-08-07 10:07:51,022 - services.data_service - INFO - ✅ Collection successful: 4 candles collected
2025-08-07 10:07:51,023 - services.data_service - INFO -   📈 USD/BRL(OTC): down | O:5.35389 C:5.33732 | Change: -0.01657
2025-08-07 10:07:51,023 - services.data_service - INFO -   📈 NZD/CAD(OTC): down | O:0.81672 C:0.81663 | Change: -0.00009
2025-08-07 10:07:51,023 - services.data_service - INFO -   📈 USD/BDT(OTC): down | O:126.42400 C:126.40500 | Change: -0.01900
2025-08-07 10:07:51,023 - services.data_service - INFO -   📈 USD/EGP(OTC): up | O:50.98110 C:50.98220 | Change: +0.00110
2025-08-07 10:07:51,523 - services.data_service - INFO - 📊 Database: 902 total candles
2025-08-07 10:07:51,523 - services.data_service - INFO - ⏳ Next collection in 52.4s...
2025-08-07 10:08:43,948 - services.data_service - INFO - 📊 Starting data collection cycle...
2025-08-07 10:08:50,696 - services.data_service - INFO - ✅ Collection successful: 4 candles collected
2025-08-07 10:08:50,696 - services.data_service - INFO -   📈 USD/BRL(OTC): down | O:5.33732 C:5.33191 | Change: -0.00541
2025-08-07 10:08:50,697 - services.data_service - INFO -   📈 NZD/CAD(OTC): down | O:0.81663 C:0.81663 | Change: +0.00000
2025-08-07 10:08:50,697 - services.data_service - INFO -   📈 USD/BDT(OTC): up | O:126.40500 C:126.41100 | Change: +0.00600
2025-08-07 10:08:50,697 - services.data_service - INFO -   📈 USD/EGP(OTC): up | O:50.98220 C:50.98400 | Change: +0.00180
2025-08-07 10:08:51,238 - services.data_service - INFO - 📊 Database: 906 total candles
2025-08-07 10:08:51,239 - services.data_service - INFO - ⏳ Next collection in 52.7s...
2025-08-07 10:09:43,958 - services.data_service - INFO - 📊 Starting data collection cycle...
2025-08-07 10:09:50,795 - services.data_service - INFO - ✅ Collection successful: 4 candles collected
2025-08-07 10:09:50,795 - services.data_service - INFO -   📈 USD/BRL(OTC): up | O:5.33191 C:5.33931 | Change: +0.00740
2025-08-07 10:09:50,796 - services.data_service - INFO -   📈 NZD/CAD(OTC): down | O:0.81663 C:0.81651 | Change: -0.00012
2025-08-07 10:09:50,796 - services.data_service - INFO -   📈 USD/BDT(OTC): down | O:126.41100 C:126.40600 | Change: -0.00500
2025-08-07 10:09:50,796 - services.data_service - INFO -   📈 USD/EGP(OTC): down | O:50.98400 C:50.98290 | Change: -0.00110
2025-08-07 10:09:51,321 - services.data_service - INFO - 📊 Database: 910 total candles
2025-08-07 10:09:51,321 - services.data_service - INFO - ⏳ Next collection in 52.6s...
2025-08-07 10:10:43,995 - services.data_service - INFO - 📊 Starting data collection cycle...
2025-08-07 10:10:50,882 - services.data_service - INFO - ✅ Collection successful: 4 candles collected
2025-08-07 10:10:50,883 - services.data_service - INFO -   📈 USD/BRL(OTC): up | O:5.33931 C:5.35017 | Change: +0.01086
2025-08-07 10:10:50,883 - services.data_service - INFO -   📈 NZD/CAD(OTC): down | O:0.81651 C:0.81648 | Change: -0.00003
2025-08-07 10:10:50,884 - services.data_service - INFO -   📈 USD/BDT(OTC): down | O:126.40600 C:126.40000 | Change: -0.00600
2025-08-07 10:10:50,884 - services.data_service - INFO -   📈 USD/EGP(OTC): down | O:50.98290 C:50.98080 | Change: -0.00210
2025-08-07 10:10:51,404 - services.data_service - INFO - 📊 Database: 914 total candles
2025-08-07 10:10:51,405 - services.data_service - INFO - ⏳ Next collection in 52.6s...
2025-08-07 10:11:44,008 - services.data_service - INFO - 📊 Starting data collection cycle...
2025-08-07 10:11:51,162 - services.data_service - INFO - ✅ Collection successful: 4 candles collected
2025-08-07 10:11:51,163 - services.data_service - INFO -   📈 USD/BRL(OTC): up | O:5.35017 C:5.35217 | Change: +0.00200
2025-08-07 10:11:51,163 - services.data_service - INFO -   📈 NZD/CAD(OTC): up | O:0.81648 C:0.81651 | Change: +0.00003
2025-08-07 10:11:51,163 - services.data_service - INFO -   📈 USD/BDT(OTC): up | O:126.40000 C:126.42700 | Change: +0.02700
2025-08-07 10:11:51,163 - services.data_service - INFO -   📈 USD/EGP(OTC): up | O:50.98090 C:50.98290 | Change: +0.00200
2025-08-07 10:11:51,842 - services.data_service - INFO - 📊 Database: 918 total candles
2025-08-07 10:11:51,842 - services.data_service - INFO - 📊 Service Statistics:
2025-08-07 10:11:51,844 - services.data_service - INFO -   🕐 Uptime: 0.65 hours
2025-08-07 10:11:51,845 - services.data_service - INFO -   📈 Collections: 40 total, 40 successful
2025-08-07 10:11:51,846 - services.data_service - INFO -   ✅ Success rate: 100.0%
2025-08-07 10:11:51,846 - services.data_service - INFO -   🔄 Reconnections: 0
2025-08-07 10:11:51,846 - services.data_service - INFO -   ⏰ Last collection: 0.0 minutes ago
2025-08-07 10:11:51,846 - services.data_service - INFO - ⏳ Next collection in 52.2s...
2025-08-07 10:12:44,020 - services.data_service - INFO - 📊 Starting data collection cycle...
2025-08-07 10:12:51,237 - services.data_service - INFO - ✅ Collection successful: 4 candles collected
2025-08-07 10:12:51,237 - services.data_service - INFO -   📈 USD/BRL(OTC): down | O:5.35131 C:5.33988 | Change: -0.01143
2025-08-07 10:12:51,237 - services.data_service - INFO -   📈 NZD/CAD(OTC): up | O:0.81651 C:0.81658 | Change: +0.00007
2025-08-07 10:12:51,238 - services.data_service - INFO -   📈 USD/BDT(OTC): down | O:126.42700 C:126.40700 | Change: -0.02000
2025-08-07 10:12:51,238 - services.data_service - INFO -   📈 USD/EGP(OTC): up | O:50.98300 C:50.98340 | Change: +0.00040
2025-08-07 10:12:51,744 - services.data_service - INFO - 📊 Database: 922 total candles
2025-08-07 10:12:51,744 - services.data_service - INFO - ⏳ Next collection in 52.3s...
2025-08-07 10:13:44,032 - services.data_service - INFO - 📊 Starting data collection cycle...
2025-08-07 10:13:51,287 - services.data_service - INFO - ✅ Collection successful: 4 candles collected
2025-08-07 10:13:51,288 - services.data_service - INFO -   📈 USD/BRL(OTC): down | O:5.33988 C:5.32992 | Change: -0.00996
2025-08-07 10:13:51,288 - services.data_service - INFO -   📈 NZD/CAD(OTC): down | O:0.81658 C:0.81643 | Change: -0.00015
2025-08-07 10:13:51,288 - services.data_service - INFO -   📈 USD/BDT(OTC): up | O:126.40800 C:126.42800 | Change: +0.02000
2025-08-07 10:13:51,288 - services.data_service - INFO -   📈 USD/EGP(OTC): up | O:50.98350 C:50.98610 | Change: +0.00260
2025-08-07 10:13:52,191 - services.data_service - INFO - 📊 Database: 926 total candles
2025-08-07 10:13:52,191 - services.data_service - INFO - ⏳ Next collection in 51.8s...
2025-08-07 10:14:44,043 - services.data_service - INFO - 📊 Starting data collection cycle...
2025-08-07 10:14:50,915 - services.data_service - INFO - ✅ Collection successful: 4 candles collected
2025-08-07 10:14:50,915 - services.data_service - INFO -   📈 USD/BRL(OTC): down | O:5.32992 C:5.32879 | Change: -0.00114
2025-08-07 10:14:50,915 - services.data_service - INFO -   📈 NZD/CAD(OTC): down | O:0.81643 C:0.81632 | Change: -0.00011
2025-08-07 10:14:50,915 - services.data_service - INFO -   📈 USD/BDT(OTC): up | O:126.42800 C:126.45700 | Change: +0.02900
2025-08-07 10:14:50,915 - services.data_service - INFO -   📈 USD/EGP(OTC): down | O:50.98620 C:50.98530 | Change: -0.00090
2025-08-07 10:14:51,423 - services.data_service - INFO - 📊 Database: 930 total candles
2025-08-07 10:14:51,424 - services.data_service - INFO - ⏳ Next collection in 52.6s...
2025-08-07 10:15:44,056 - services.data_service - INFO - 📊 Starting data collection cycle...
2025-08-07 10:15:51,260 - services.data_service - INFO - ✅ Collection successful: 4 candles collected
2025-08-07 10:15:51,260 - services.data_service - INFO -   📈 USD/BRL(OTC): down | O:5.32879 C:5.32255 | Change: -0.00624
2025-08-07 10:15:51,261 - services.data_service - INFO -   📈 NZD/CAD(OTC): down | O:0.81632 C:0.81629 | Change: -0.00003
2025-08-07 10:15:51,261 - services.data_service - INFO -   📈 USD/BDT(OTC): up | O:126.45700 C:126.46400 | Change: +0.00700
2025-08-07 10:15:51,261 - services.data_service - INFO -   📈 USD/EGP(OTC): down | O:50.98530 C:50.98530 | Change: +0.00000
2025-08-07 10:15:51,812 - services.data_service - INFO - 📊 Database: 934 total candles
2025-08-07 10:15:51,812 - services.data_service - INFO - ⏳ Next collection in 52.2s...
2025-08-07 10:16:44,068 - services.data_service - INFO - 📊 Starting data collection cycle...
2025-08-07 10:16:51,074 - services.data_service - INFO - ✅ Collection successful: 4 candles collected
2025-08-07 10:16:51,074 - services.data_service - INFO -   📈 USD/BRL(OTC): down | O:5.32255 C:5.31717 | Change: -0.00538
2025-08-07 10:16:51,074 - services.data_service - INFO -   📈 NZD/CAD(OTC): down | O:0.81629 C:0.81622 | Change: -0.00007
2025-08-07 10:16:51,074 - services.data_service - INFO -   📈 USD/BDT(OTC): down | O:126.46400 C:126.44200 | Change: -0.02200
2025-08-07 10:16:51,074 - services.data_service - INFO -   📈 USD/EGP(OTC): down | O:50.98490 C:50.98370 | Change: -0.00120
2025-08-07 10:16:51,589 - services.data_service - INFO - 📊 Database: 938 total candles
2025-08-07 10:16:51,590 - services.data_service - INFO - ⏳ Next collection in 52.5s...
2025-08-07 10:17:44,077 - services.data_service - INFO - 📊 Starting data collection cycle...
2025-08-07 10:17:51,331 - services.data_service - INFO - ✅ Collection successful: 4 candles collected
2025-08-07 10:17:51,331 - services.data_service - INFO -   📈 USD/BRL(OTC): down | O:5.31717 C:5.31265 | Change: -0.00452
2025-08-07 10:17:51,331 - services.data_service - INFO -   📈 NZD/CAD(OTC): down | O:0.81622 C:0.81613 | Change: -0.00009
2025-08-07 10:17:51,332 - services.data_service - INFO -   📈 USD/BDT(OTC): up | O:126.43700 C:126.45200 | Change: +0.01500
2025-08-07 10:17:51,332 - services.data_service - INFO -   📈 USD/EGP(OTC): down | O:50.98370 C:50.98250 | Change: -0.00120
2025-08-07 10:17:51,882 - services.data_service - INFO - 📊 Database: 942 total candles
2025-08-07 10:17:51,882 - services.data_service - INFO - ⏳ Next collection in 52.2s...
2025-08-07 10:18:44,086 - services.data_service - INFO - 📊 Starting data collection cycle...
2025-08-07 10:18:52,963 - services.data_service - INFO - ✅ Collection successful: 4 candles collected
2025-08-07 10:18:52,964 - services.data_service - INFO -   📈 USD/BRL(OTC): down | O:5.31208 C:5.30560 | Change: -0.00648
2025-08-07 10:18:52,964 - services.data_service - INFO -   📈 NZD/CAD(OTC): down | O:0.81613 C:0.81612 | Change: -0.00001
2025-08-07 10:18:52,964 - services.data_service - INFO -   📈 USD/BDT(OTC): down | O:126.45000 C:126.39200 | Change: -0.05800
2025-08-07 10:18:52,964 - services.data_service - INFO -   📈 USD/EGP(OTC): down | O:50.98250 C:50.98240 | Change: -0.00010
2025-08-07 10:18:53,476 - services.data_service - INFO - 📊 Database: 946 total candles
2025-08-07 10:18:53,476 - services.data_service - INFO - ⏳ Next collection in 50.6s...
2025-08-07 10:19:44,096 - services.data_service - INFO - 📊 Starting data collection cycle...
2025-08-07 10:19:51,902 - services.data_service - INFO - ✅ Collection successful: 4 candles collected
2025-08-07 10:19:51,902 - services.data_service - INFO -   📈 USD/BRL(OTC): down | O:5.30617 C:5.30448 | Change: -0.00169
2025-08-07 10:19:51,902 - services.data_service - INFO -   📈 NZD/CAD(OTC): up | O:0.81612 C:0.81617 | Change: +0.00005
2025-08-07 10:19:51,902 - services.data_service - INFO -   📈 USD/BDT(OTC): down | O:126.39200 C:126.37200 | Change: -0.02000
2025-08-07 10:19:51,902 - services.data_service - INFO -   📈 USD/EGP(OTC): down | O:50.98230 C:50.97970 | Change: -0.00260
2025-08-07 10:19:52,403 - services.data_service - INFO - 📊 Database: 950 total candles
2025-08-07 10:19:52,403 - services.data_service - INFO - ⏳ Next collection in 51.7s...
2025-08-07 10:20:44,107 - services.data_service - INFO - 📊 Starting data collection cycle...
2025-08-07 10:20:51,267 - services.data_service - INFO - ✅ Collection successful: 4 candles collected
2025-08-07 10:20:51,268 - services.data_service - INFO -   📈 USD/BRL(OTC): down | O:5.30476 C:5.29998 | Change: -0.00478
2025-08-07 10:20:51,268 - services.data_service - INFO -   📈 NZD/CAD(OTC): down | O:0.81617 C:0.81616 | Change: -0.00001
2025-08-07 10:20:51,268 - services.data_service - INFO -   📈 USD/BDT(OTC): down | O:126.37200 C:126.36000 | Change: -0.01200
2025-08-07 10:20:51,268 - services.data_service - INFO -   📈 USD/EGP(OTC): up | O:50.97950 C:50.98110 | Change: +0.00160
2025-08-07 10:20:51,769 - services.data_service - INFO - 📊 Database: 954 total candles
2025-08-07 10:20:51,770 - services.data_service - INFO - ⏳ Next collection in 52.3s...
2025-08-07 10:21:44,118 - services.data_service - INFO - 📊 Starting data collection cycle...
2025-08-07 10:21:52,769 - services.data_service - INFO - ✅ Collection successful: 4 candles collected
2025-08-07 10:21:52,770 - services.data_service - INFO -   📈 USD/BRL(OTC): down | O:5.29970 C:5.28625 | Change: -0.01345
2025-08-07 10:21:52,770 - services.data_service - INFO -   📈 NZD/CAD(OTC): down | O:0.81616 C:0.81615 | Change: -0.00001
2025-08-07 10:21:52,770 - services.data_service - INFO -   📈 USD/BDT(OTC): up | O:126.35400 C:126.40300 | Change: +0.04900
2025-08-07 10:21:52,770 - services.data_service - INFO -   📈 USD/EGP(OTC): down | O:50.98110 C:50.98020 | Change: -0.00090
2025-08-07 10:21:53,281 - services.data_service - INFO - 📊 Database: 958 total candles
2025-08-07 10:21:53,281 - services.data_service - INFO - 📊 Service Statistics:
2025-08-07 10:21:53,282 - services.data_service - INFO -   🕐 Uptime: 0.82 hours
2025-08-07 10:21:53,282 - services.data_service - INFO -   📈 Collections: 50 total, 50 successful
2025-08-07 10:21:53,282 - services.data_service - INFO -   ✅ Success rate: 100.0%
2025-08-07 10:21:53,282 - services.data_service - INFO -   🔄 Reconnections: 0
2025-08-07 10:21:53,282 - services.data_service - INFO -   ⏰ Last collection: 0.0 minutes ago
2025-08-07 10:21:53,282 - services.data_service - INFO - ⏳ Next collection in 50.8s...
2025-08-07 10:22:44,129 - services.data_service - INFO - 📊 Starting data collection cycle...
2025-08-07 10:22:51,198 - services.data_service - INFO - ✅ Collection successful: 4 candles collected
2025-08-07 10:22:51,199 - services.data_service - INFO -   📈 USD/BRL(OTC): up | O:5.28625 C:5.28989 | Change: +0.00364
2025-08-07 10:22:51,199 - services.data_service - INFO -   📈 NZD/CAD(OTC): down | O:0.81615 C:0.81615 | Change: +0.00000
2025-08-07 10:22:51,199 - services.data_service - INFO -   📈 USD/BDT(OTC): down | O:126.40300 C:126.38300 | Change: -0.02000
2025-08-07 10:22:51,199 - services.data_service - INFO -   📈 USD/EGP(OTC): up | O:50.98070 C:50.98230 | Change: +0.00160
2025-08-07 10:22:51,709 - services.data_service - INFO - 📊 Database: 962 total candles
2025-08-07 10:22:51,710 - services.data_service - INFO - ⏳ Next collection in 52.4s...
2025-08-07 10:23:44,140 - services.data_service - INFO - 📊 Starting data collection cycle...
2025-08-07 10:23:51,201 - services.data_service - INFO - ✅ Collection successful: 4 candles collected
2025-08-07 10:23:51,201 - services.data_service - INFO -   📈 USD/BRL(OTC): up | O:5.28989 C:5.30223 | Change: +0.01234
2025-08-07 10:23:51,201 - services.data_service - INFO -   📈 NZD/CAD(OTC): up | O:0.81615 C:0.81629 | Change: +0.00014
2025-08-07 10:23:51,201 - services.data_service - INFO -   📈 USD/BDT(OTC): down | O:126.38400 C:126.38200 | Change: -0.00200
2025-08-07 10:23:51,201 - services.data_service - INFO -   📈 USD/EGP(OTC): down | O:50.98230 C:50.98010 | Change: -0.00220
2025-08-07 10:23:51,696 - services.data_service - INFO - 📊 Database: 966 total candles
2025-08-07 10:23:51,696 - services.data_service - INFO - ⏳ Next collection in 52.4s...
2025-08-07 10:24:44,155 - services.data_service - INFO - 📊 Starting data collection cycle...
2025-08-07 10:24:51,108 - services.data_service - INFO - ✅ Collection successful: 4 candles collected
2025-08-07 10:24:51,108 - services.data_service - INFO -   📈 USD/BRL(OTC): down | O:5.30166 C:5.29073 | Change: -0.01094
2025-08-07 10:24:51,108 - services.data_service - INFO -   📈 NZD/CAD(OTC): up | O:0.81629 C:0.81648 | Change: +0.00019
2025-08-07 10:24:51,108 - services.data_service - INFO -   📈 USD/BDT(OTC): up | O:126.38500 C:126.40600 | Change: +0.02100
2025-08-07 10:24:51,109 - services.data_service - INFO -   📈 USD/EGP(OTC): up | O:50.97990 C:50.98240 | Change: +0.00250
2025-08-07 10:24:51,620 - services.data_service - INFO - 📊 Database: 970 total candles
2025-08-07 10:24:51,620 - services.data_service - INFO - ⏳ Next collection in 52.5s...
2025-08-07 10:25:44,255 - services.data_service - INFO - 📊 Starting data collection cycle...
2025-08-07 10:25:51,520 - services.data_service - INFO - ✅ Collection successful: 4 candles collected
2025-08-07 10:25:51,520 - services.data_service - INFO -   📈 USD/BRL(OTC): down | O:5.29073 C:5.27677 | Change: -0.01396
2025-08-07 10:25:51,520 - services.data_service - INFO -   📈 NZD/CAD(OTC): down | O:0.81648 C:0.81648 | Change: +0.00000
2025-08-07 10:25:51,520 - services.data_service - INFO -   📈 USD/BDT(OTC): up | O:126.40600 C:126.43300 | Change: +0.02700
2025-08-07 10:25:51,520 - services.data_service - INFO -   📈 USD/EGP(OTC): down | O:50.98240 C:50.98080 | Change: -0.00160
2025-08-07 10:25:52,057 - services.data_service - INFO - 📊 Database: 974 total candles
2025-08-07 10:25:52,057 - services.data_service - INFO - ⏳ Next collection in 52.2s...
2025-08-07 10:26:44,271 - services.data_service - INFO - 📊 Starting data collection cycle...
2025-08-07 10:26:52,761 - services.data_service - INFO - ✅ Collection successful: 4 candles collected
2025-08-07 10:26:52,761 - services.data_service - INFO -   📈 USD/BRL(OTC): down | O:5.27677 C:5.27537 | Change: -0.00139
2025-08-07 10:26:52,761 - services.data_service - INFO -   📈 NZD/CAD(OTC): down | O:0.81648 C:0.81645 | Change: -0.00003
2025-08-07 10:26:52,761 - services.data_service - INFO -   📈 USD/BDT(OTC): up | O:126.43300 C:126.46200 | Change: +0.02900
2025-08-07 10:26:52,762 - services.data_service - INFO -   📈 USD/EGP(OTC): down | O:50.98080 C:50.97700 | Change: -0.00380
2025-08-07 10:26:53,278 - services.data_service - INFO - 📊 Database: 978 total candles
2025-08-07 10:26:53,278 - services.data_service - INFO - ⏳ Next collection in 51.0s...
2025-08-07 10:27:44,285 - services.data_service - INFO - 📊 Starting data collection cycle...
2025-08-07 10:27:52,045 - services.data_service - INFO - ✅ Collection successful: 4 candles collected
2025-08-07 10:27:52,046 - services.data_service - INFO -   📈 USD/BRL(OTC): up | O:5.27537 C:5.27844 | Change: +0.00306
2025-08-07 10:27:52,046 - services.data_service - INFO -   📈 NZD/CAD(OTC): up | O:0.81645 C:0.81649 | Change: +0.00004
2025-08-07 10:27:52,046 - services.data_service - INFO -   📈 USD/BDT(OTC): up | O:126.46200 C:126.46300 | Change: +0.00100
2025-08-07 10:27:52,046 - services.data_service - INFO -   📈 USD/EGP(OTC): up | O:50.97700 C:50.98260 | Change: +0.00560
2025-08-07 10:27:52,783 - services.data_service - INFO - 📊 Database: 982 total candles
2025-08-07 10:27:52,784 - services.data_service - INFO - ⏳ Next collection in 51.5s...
2025-08-07 10:28:44,294 - services.data_service - INFO - 📊 Starting data collection cycle...
2025-08-07 10:28:51,232 - services.data_service - INFO - ✅ Collection successful: 4 candles collected
2025-08-07 10:28:51,232 - services.data_service - INFO -   📈 USD/BRL(OTC): down | O:5.27760 C:5.27259 | Change: -0.00501
2025-08-07 10:28:51,233 - services.data_service - INFO -   📈 NZD/CAD(OTC): up | O:0.81649 C:0.81654 | Change: +0.00005
2025-08-07 10:28:51,233 - services.data_service - INFO -   📈 USD/BDT(OTC): down | O:126.46300 C:126.45100 | Change: -0.01200
2025-08-07 10:28:51,233 - services.data_service - INFO -   📈 USD/EGP(OTC): down | O:50.98270 C:50.98150 | Change: -0.00120
2025-08-07 10:28:51,731 - services.data_service - INFO - 📊 Database: 986 total candles
2025-08-07 10:28:51,731 - services.data_service - INFO - ⏳ Next collection in 52.6s...
2025-08-07 10:29:44,306 - services.data_service - INFO - 📊 Starting data collection cycle...
2025-08-07 10:29:51,080 - services.data_service - INFO - ✅ Collection successful: 4 candles collected
2025-08-07 10:29:51,081 - services.data_service - INFO -   📈 USD/BRL(OTC): down | O:5.27259 C:5.26704 | Change: -0.00555
2025-08-07 10:29:51,081 - services.data_service - INFO -   📈 NZD/CAD(OTC): down | O:0.81654 C:0.81647 | Change: -0.00007
2025-08-07 10:29:51,081 - services.data_service - INFO -   📈 USD/BDT(OTC): down | O:126.45300 C:126.44600 | Change: -0.00700
2025-08-07 10:29:51,081 - services.data_service - INFO -   📈 USD/EGP(OTC): up | O:50.98150 C:50.98400 | Change: +0.00250
2025-08-07 10:29:51,594 - services.data_service - INFO - 📊 Database: 990 total candles
2025-08-07 10:29:51,594 - services.data_service - INFO - ⏳ Next collection in 52.7s...
2025-08-07 10:30:44,320 - services.data_service - INFO - 📊 Starting data collection cycle...
2025-08-07 10:30:52,467 - services.data_service - INFO - ✅ Collection successful: 4 candles collected
2025-08-07 10:30:52,468 - services.data_service - INFO -   📈 USD/BRL(OTC): down | O:5.26704 C:5.26205 | Change: -0.00499
2025-08-07 10:30:52,468 - services.data_service - INFO -   📈 NZD/CAD(OTC): up | O:0.81647 C:0.81650 | Change: +0.00003
2025-08-07 10:30:52,468 - services.data_service - INFO -   📈 USD/BDT(OTC): up | O:126.44600 C:126.51000 | Change: +0.06400
2025-08-07 10:30:52,468 - services.data_service - INFO -   📈 USD/EGP(OTC): down | O:50.98400 C:50.98300 | Change: -0.00100
2025-08-07 10:30:53,019 - services.data_service - INFO - 📊 Database: 994 total candles
2025-08-07 10:30:53,019 - services.data_service - INFO - ⏳ Next collection in 51.3s...
2025-08-07 10:31:44,332 - services.data_service - INFO - 📊 Starting data collection cycle...
2025-08-07 10:31:51,537 - services.data_service - INFO - ✅ Collection successful: 4 candles collected
2025-08-07 10:31:51,537 - services.data_service - INFO -   📈 USD/BRL(OTC): up | O:5.26205 C:5.26621 | Change: +0.00416
2025-08-07 10:31:51,537 - services.data_service - INFO -   📈 NZD/CAD(OTC): up | O:0.81650 C:0.81655 | Change: +0.00005
2025-08-07 10:31:51,538 - services.data_service - INFO -   📈 USD/BDT(OTC): up | O:126.51000 C:126.51300 | Change: +0.00300
2025-08-07 10:31:51,538 - services.data_service - INFO -   📈 USD/EGP(OTC): up | O:50.98300 C:50.98360 | Change: +0.00060
2025-08-07 10:31:52,038 - services.data_service - INFO - 📊 Database: 998 total candles
2025-08-07 10:31:52,038 - services.data_service - INFO - 📊 Service Statistics:
2025-08-07 10:31:52,038 - services.data_service - INFO -   🕐 Uptime: 0.99 hours
2025-08-07 10:31:52,038 - services.data_service - INFO -   📈 Collections: 60 total, 60 successful
2025-08-07 10:31:52,038 - services.data_service - INFO -   ✅ Success rate: 100.0%
2025-08-07 10:31:52,039 - services.data_service - INFO -   🔄 Reconnections: 0
2025-08-07 10:31:52,039 - services.data_service - INFO -   ⏰ Last collection: 0.0 minutes ago
2025-08-07 10:31:52,039 - services.data_service - INFO - ⏳ Next collection in 52.3s...
2025-08-07 10:32:44,347 - services.data_service - INFO - 📊 Starting data collection cycle...
2025-08-07 10:32:51,105 - services.data_service - INFO - ✅ Collection successful: 4 candles collected
2025-08-07 10:32:51,105 - services.data_service - INFO -   📈 USD/BRL(OTC): up | O:5.26621 C:5.26981 | Change: +0.00361
2025-08-07 10:32:51,105 - services.data_service - INFO -   📈 NZD/CAD(OTC): down | O:0.81656 C:0.81648 | Change: -0.00008
2025-08-07 10:32:51,105 - services.data_service - INFO -   📈 USD/BDT(OTC): down | O:126.51300 C:126.51000 | Change: -0.00300
2025-08-07 10:32:51,106 - services.data_service - INFO -   📈 USD/EGP(OTC): up | O:50.98360 C:50.98480 | Change: +0.00120
2025-08-07 10:32:51,611 - services.data_service - INFO - 📊 Database: 1002 total candles
2025-08-07 10:32:51,611 - services.data_service - INFO - ⏳ Next collection in 52.7s...
2025-08-07 10:33:44,370 - services.data_service - INFO - 📊 Starting data collection cycle...
2025-08-07 10:33:51,126 - services.data_service - INFO - ✅ Collection successful: 4 candles collected
2025-08-07 10:33:51,127 - services.data_service - INFO -   📈 USD/BRL(OTC): down | O:5.26981 C:5.26815 | Change: -0.00167
2025-08-07 10:33:51,127 - services.data_service - INFO -   📈 NZD/CAD(OTC): down | O:0.81648 C:0.81645 | Change: -0.00003
2025-08-07 10:33:51,127 - services.data_service - INFO -   📈 USD/BDT(OTC): down | O:126.51000 C:126.42900 | Change: -0.08100
2025-08-07 10:33:51,127 - services.data_service - INFO -   📈 USD/EGP(OTC): up | O:50.98480 C:50.98670 | Change: +0.00190
2025-08-07 10:33:51,637 - services.data_service - INFO - 📊 Database: 1006 total candles
2025-08-07 10:33:51,637 - services.data_service - INFO - ⏳ Next collection in 52.7s...
2025-08-07 10:40:20,403 - services.data_service - INFO - 📊 Starting data collection cycle...
2025-08-07 10:57:00,256 - services.data_service - INFO - 🛑 Received signal 2. Initiating graceful shutdown...
2025-08-07 10:57:00,258 - services.data_service - INFO - 🛑 Received signal 2. Initiating graceful shutdown...
2025-08-07 10:57:26,821 - services.data_service - INFO - 🛑 Received signal 2. Initiating graceful shutdown...
2025-08-07 10:57:26,821 - services.data_service - INFO - 🛑 Received signal 2. Initiating graceful shutdown...
2025-08-07 10:57:33,555 - services.data_service - INFO - 🚀 Initializing Continuous Data Service...
2025-08-07 10:57:33,555 - services.data_service - INFO - 🔌 Connecting to MongoDB...
2025-08-07 10:57:37,019 - services.data_service - INFO - ✅ MongoDB connected successfully
2025-08-07 10:57:37,019 - services.data_service - INFO - 📊 Configured trading pairs in database: ['USD/BRL(OTC)', 'NZD/CAD(OTC)', 'USD/BDT(OTC)', 'USD/EGP(OTC)']
2025-08-07 10:57:37,019 - services.data_service - INFO - 📊 Configured trading pairs for PyQuotex: ['USDBRL', 'NZDCAD', 'USDBDT', 'USDEGP']
2025-08-07 10:57:37,045 - services.data_service - INFO - 🔄 Starting continuous data collection...
2025-08-07 10:57:37,046 - services.data_service - INFO - 🔌 Connecting to PyQuotex (attempt 1/5)...
2025-08-07 10:57:41,671 - services.data_service - INFO - 🚀 Initializing Continuous Data Service...
2025-08-07 10:57:41,671 - services.data_service - INFO - 🔌 Connecting to MongoDB...
2025-08-07 10:57:44,703 - services.data_service - INFO - ✅ MongoDB connected successfully
2025-08-07 10:57:44,704 - services.data_service - INFO - 📊 Configured trading pairs in database: ['USD/BRL(OTC)', 'NZD/CAD(OTC)', 'USD/BDT(OTC)', 'USD/EGP(OTC)']
2025-08-07 10:57:44,704 - services.data_service - INFO - 📊 Configured trading pairs for PyQuotex: ['USDBRL', 'NZDCAD', 'USDBDT', 'USDEGP']
2025-08-07 10:57:44,704 - services.data_service - INFO - 📡 WebSocket broadcaster configured
2025-08-07 10:57:44,820 - services.data_service - INFO - ✅ Connected to PyQuotex successfully
2025-08-07 10:57:44,821 - services.data_service - INFO - 📊 Available pairs in PyQuotex: ['ADAUSD_otc', 'APTUSD_otc', 'ARBUSD_otc', 'ATOUSD_otc', 'AUDCAD', 'AUDCAD_otc', 'AUDCHF', 'AUDCHF_otc', 'AUDJPY', 'AUDJPY_otc', 'AUDNZD_otc', 'AUDUSD', 'AUDUSD_otc', 'AVAUSD_otc', 'AXJAUD', 'AXP_otc', 'AXSUSD_otc', 'BA_otc', 'BCHUSD_otc', 'BEAUSD_otc', 'BNBUSD_otc', 'BONUSD_otc', 'BRLUSD_otc', 'BTCUSD_otc', 'CADCHF_otc', 'CADJPY', 'CADJPY_otc', 'CHFJPY', 'CHFJPY_otc', 'CHIA50', 'DASUSD_otc', 'DJIUSD', 'DOGUSD_otc', 'DOTUSD_otc', 'ETCUSD_otc', 'ETHUSD_otc', 'EURAUD', 'EURAUD_otc', 'EURCAD', 'EURCAD_otc', 'EURCHF', 'EURCHF_otc', 'EURGBP', 'EURGBP_otc', 'EURJPY', 'EURJPY_otc', 'EURNZD_otc', 'EURSGD_otc', 'EURUSD', 'EURUSD_otc', 'F40EUR', 'FB_otc', 'FLOUSD_otc', 'FTSGBP', 'GALUSD_otc', 'GBPAUD', 'GBPAUD_otc', 'GBPCAD', 'GBPCAD_otc', 'GBPCHF', 'GBPCHF_otc', 'GBPJPY', 'GBPJPY_otc', 'GBPNZD_otc', 'GBPUSD', 'GBPUSD_otc', 'HMSUSD_otc', 'HSIHKD', 'IBXEUR', 'INTC_otc', 'JNJ_otc', 'JPXJPY', 'LINUSD_otc', 'LTCUSD_otc', 'MANUSD_otc', 'MCD_otc', 'MELUSD_otc', 'MSFT_otc', 'NDXUSD', 'NOTUSD_otc', 'NZDCAD_otc', 'NZDCHF_otc', 'NZDJPY_otc', 'NZDUSD_otc', 'PEPUSD_otc', 'PFE_otc', 'SHIUSD_otc', 'SOLUSD_otc', 'STXEUR', 'TIAUSD_otc', 'TONUSD_otc', 'TRUUSD_otc', 'TRXUSD_otc', 'UKBrent_otc', 'USCrude_otc', 'USDARS_otc', 'USDBDT_otc', 'USDCAD', 'USDCAD_otc', 'USDCHF', 'USDCHF_otc', 'USDCOP_otc', 'USDDZD_otc', 'USDEGP_otc', 'USDIDR_otc', 'USDINR_otc', 'USDJPY', 'USDJPY_otc', 'USDMXN_otc', 'USDNGN_otc', 'USDPHP_otc', 'USDPKR_otc', 'USDTRY_otc', 'USDZAR_otc', 'WIFUSD_otc', 'XAGUSD', 'XAGUSD_otc', 'XAUUSD', 'XAUUSD_otc', 'XRPUSD_otc', 'ZECUSD_otc']
2025-08-07 10:57:44,822 - services.data_service - WARNING - ⚠️ Trading pair not available in PyQuotex: USDBRL
2025-08-07 10:57:44,823 - services.data_service - WARNING - ⚠️ Trading pair not available in PyQuotex: NZDCAD
2025-08-07 10:57:44,823 - services.data_service - WARNING - ⚠️ Trading pair not available in PyQuotex: USDBDT
2025-08-07 10:57:44,823 - services.data_service - WARNING - ⚠️ Trading pair not available in PyQuotex: USDEGP
2025-08-07 10:57:44,823 - services.data_service - WARNING - ⚠️ None of the configured pairs were found in the available pairs list
2025-08-07 10:57:44,823 - services.data_service - INFO - 📊 Continuing with configured pairs: ['USDBRL', 'NZDCAD', 'USDBDT', 'USDEGP']
2025-08-07 10:57:44,823 - services.data_service - INFO - 📊 Starting data collection cycle...
2025-08-07 10:57:53,913 - services.data_service - INFO - ✅ Collection successful: 4 candles collected
2025-08-07 10:57:53,913 - services.data_service - INFO -   📈 USD/BRL(OTC): down | O:5.21676 C:5.21648 | Change: -0.00027
2025-08-07 10:57:53,913 - services.data_service - INFO -   📈 NZD/CAD(OTC): down | O:0.81695 C:0.81693 | Change: -0.00002
2025-08-07 10:57:53,914 - services.data_service - INFO -   📈 USD/BDT(OTC): up | O:126.48800 C:126.49400 | Change: +0.00600
2025-08-07 10:57:53,914 - services.data_service - INFO -   📈 USD/EGP(OTC): up | O:50.98360 C:50.98400 | Change: +0.00040
2025-08-07 10:57:54,446 - services.data_service - INFO - 📊 Database: 1010 total candles
2025-08-07 10:57:54,446 - services.data_service - INFO - ⏳ Next collection in 50.4s...
2025-08-07 10:58:44,837 - services.data_service - INFO - 📊 Starting data collection cycle...
2025-08-07 10:58:54,170 - services.data_service - INFO - ✅ Collection successful: 4 candles collected
2025-08-07 10:58:54,171 - services.data_service - INFO -   📈 USD/BRL(OTC): up | O:5.21703 C:5.22521 | Change: +0.00818
2025-08-07 10:58:54,171 - services.data_service - INFO -   📈 NZD/CAD(OTC): down | O:0.81693 C:0.81688 | Change: -0.00005
2025-08-07 10:58:54,171 - services.data_service - INFO -   📈 USD/BDT(OTC): up | O:126.49400 C:126.56400 | Change: +0.07000
2025-08-07 10:58:54,171 - services.data_service - INFO -   📈 USD/EGP(OTC): up | O:50.98400 C:50.98440 | Change: +0.00040
2025-08-07 10:58:54,811 - services.data_service - INFO - 📊 Database: 1014 total candles
2025-08-07 10:58:54,811 - services.data_service - INFO - ⏳ Next collection in 50.0s...
2025-08-07 10:59:44,851 - services.data_service - INFO - 📊 Starting data collection cycle...
2025-08-07 10:59:54,352 - services.data_service - INFO - ✅ Collection successful: 4 candles collected
2025-08-07 10:59:54,353 - services.data_service - INFO -   📈 USD/BRL(OTC): up | O:5.22521 C:5.23259 | Change: +0.00738
2025-08-07 10:59:54,353 - services.data_service - INFO -   📈 NZD/CAD(OTC): up | O:0.81688 C:0.81695 | Change: +0.00007
2025-08-07 10:59:54,353 - services.data_service - INFO -   📈 USD/BDT(OTC): down | O:126.56700 C:126.55200 | Change: -0.01500
2025-08-07 10:59:54,353 - services.data_service - INFO -   📈 USD/EGP(OTC): up | O:50.98440 C:50.98530 | Change: +0.00090
2025-08-07 10:59:54,885 - services.data_service - INFO - 📊 Database: 1018 total candles
2025-08-07 10:59:54,885 - services.data_service - INFO - ⏳ Next collection in 50.0s...
2025-08-07 11:00:44,862 - services.data_service - INFO - 📊 Starting data collection cycle...
2025-08-07 11:00:54,209 - services.data_service - INFO - ✅ Collection successful: 4 candles collected
2025-08-07 11:00:54,209 - services.data_service - INFO -   📈 USD/BRL(OTC): up | O:5.23314 C:5.25679 | Change: +0.02366
2025-08-07 11:00:54,209 - services.data_service - INFO -   📈 NZD/CAD(OTC): down | O:0.81695 C:0.81695 | Change: +0.00000
2025-08-07 11:00:54,209 - services.data_service - INFO -   📈 USD/BDT(OTC): up | O:126.55200 C:126.57800 | Change: +0.02600
2025-08-07 11:00:54,214 - services.data_service - INFO -   📈 USD/EGP(OTC): up | O:50.98530 C:50.98590 | Change: +0.00060
2025-08-07 11:00:54,746 - services.data_service - INFO - 📊 Database: 1022 total candles
2025-08-07 11:00:54,746 - services.data_service - INFO - ⏳ Next collection in 50.1s...
2025-08-07 11:01:44,873 - services.data_service - INFO - 📊 Starting data collection cycle...
2025-08-07 11:01:55,599 - services.data_service - INFO - ✅ Collection successful: 4 candles collected
2025-08-07 11:01:55,600 - services.data_service - INFO -   📈 USD/BRL(OTC): down | O:5.25679 C:5.25265 | Change: -0.00414
2025-08-07 11:01:55,601 - services.data_service - INFO -   📈 NZD/CAD(OTC): up | O:0.81695 C:0.81710 | Change: +0.00015
2025-08-07 11:01:55,601 - services.data_service - INFO -   📈 USD/BDT(OTC): up | O:126.57800 C:126.59200 | Change: +0.01400
2025-08-07 11:01:55,601 - services.data_service - INFO -   📈 USD/EGP(OTC): up | O:50.98590 C:50.98740 | Change: +0.00150
2025-08-07 11:01:56,166 - services.data_service - INFO - 📊 Database: 1026 total candles
2025-08-07 11:01:56,167 - services.data_service - INFO - ⏳ Next collection in 48.7s...
2025-08-07 11:02:44,885 - services.data_service - INFO - 📊 Starting data collection cycle...
2025-08-07 11:02:54,406 - services.data_service - INFO - ✅ Collection successful: 4 candles collected
2025-08-07 11:02:54,407 - services.data_service - INFO -   📈 USD/BRL(OTC): down | O:5.25265 C:5.24109 | Change: -0.01156
2025-08-07 11:02:54,408 - services.data_service - INFO -   📈 NZD/CAD(OTC): down | O:0.81710 C:0.81694 | Change: -0.00016
2025-08-07 11:02:54,408 - services.data_service - INFO -   📈 USD/BDT(OTC): up | O:126.59200 C:126.65400 | Change: +0.06200
2025-08-07 11:02:54,408 - services.data_service - INFO -   📈 USD/EGP(OTC): up | O:50.98740 C:50.98770 | Change: +0.00030
2025-08-07 11:02:54,933 - services.data_service - INFO - 📊 Database: 1030 total candles
2025-08-07 11:02:54,933 - services.data_service - INFO - ⏳ Next collection in 50.0s...
2025-08-07 11:03:09,458 - services.data_service - INFO - 🛑 Received signal 2. Initiating graceful shutdown...
2025-08-07 11:03:09,458 - services.data_service - INFO - 🛑 Received signal 2. Initiating graceful shutdown...
2025-08-07 11:03:09,937 - services.data_service - INFO - 🛑 Shutting down Continuous Data Service...
2025-08-07 11:03:11,772 - services.data_service - INFO - 📊 Service Statistics:
2025-08-07 11:03:11,773 - services.data_service - INFO -   🕐 Uptime: 0.09 hours
2025-08-07 11:03:11,773 - services.data_service - INFO -   📈 Collections: 6 total, 6 successful
2025-08-07 11:03:11,773 - services.data_service - INFO -   ✅ Success rate: 100.0%
2025-08-07 11:03:11,773 - services.data_service - INFO -   🔄 Reconnections: 0
2025-08-07 11:03:11,773 - services.data_service - INFO -   ⏰ Last collection: 0.3 minutes ago
2025-08-07 11:03:11,773 - services.data_service - INFO - ✅ Service shutdown complete
2025-08-07 11:03:27,522 - services.data_service - INFO - 🚀 Initializing Continuous Data Service...
2025-08-07 11:03:27,523 - services.data_service - INFO - 🔌 Connecting to MongoDB...
2025-08-07 11:03:30,841 - services.data_service - INFO - ✅ MongoDB connected successfully
2025-08-07 11:03:30,842 - services.data_service - INFO - 📊 Configured trading pairs in database: ['USD/BRL(OTC)', 'NZD/CAD(OTC)', 'USD/BDT(OTC)', 'USD/EGP(OTC)']
2025-08-07 11:03:30,842 - services.data_service - INFO - 📊 Configured trading pairs for PyQuotex: ['USDBRL', 'NZDCAD', 'USDBDT', 'USDEGP']
2025-08-07 11:03:30,875 - services.data_service - INFO - 🔄 Starting continuous data collection...
2025-08-07 11:03:30,875 - services.data_service - INFO - 🔌 Connecting to PyQuotex (attempt 1/5)...
2025-08-07 11:03:35,258 - services.data_service - INFO - 🚀 Initializing Continuous Data Service...
2025-08-07 11:03:35,259 - services.data_service - INFO - 🔌 Connecting to MongoDB...
2025-08-07 11:03:37,951 - services.data_service - INFO - ✅ Connected to PyQuotex successfully
2025-08-07 11:03:37,953 - services.data_service - INFO - 📊 Available pairs in PyQuotex: ['ADAUSD_otc', 'APTUSD_otc', 'ARBUSD_otc', 'ATOUSD_otc', 'AUDCAD', 'AUDCAD_otc', 'AUDCHF', 'AUDCHF_otc', 'AUDJPY', 'AUDJPY_otc', 'AUDNZD_otc', 'AUDUSD', 'AUDUSD_otc', 'AVAUSD_otc', 'AXJAUD', 'AXP_otc', 'AXSUSD_otc', 'BA_otc', 'BCHUSD_otc', 'BEAUSD_otc', 'BNBUSD_otc', 'BONUSD_otc', 'BRLUSD_otc', 'BTCUSD_otc', 'CADCHF_otc', 'CADJPY', 'CADJPY_otc', 'CHFJPY', 'CHFJPY_otc', 'CHIA50', 'DASUSD_otc', 'DJIUSD', 'DOGUSD_otc', 'DOTUSD_otc', 'ETCUSD_otc', 'ETHUSD_otc', 'EURAUD', 'EURAUD_otc', 'EURCAD', 'EURCAD_otc', 'EURCHF', 'EURCHF_otc', 'EURGBP', 'EURGBP_otc', 'EURJPY', 'EURJPY_otc', 'EURNZD_otc', 'EURSGD_otc', 'EURUSD', 'EURUSD_otc', 'F40EUR', 'FB_otc', 'FLOUSD_otc', 'FTSGBP', 'GALUSD_otc', 'GBPAUD', 'GBPAUD_otc', 'GBPCAD', 'GBPCAD_otc', 'GBPCHF', 'GBPCHF_otc', 'GBPJPY', 'GBPJPY_otc', 'GBPNZD_otc', 'GBPUSD', 'GBPUSD_otc', 'HMSUSD_otc', 'HSIHKD', 'IBXEUR', 'INTC_otc', 'JNJ_otc', 'JPXJPY', 'LINUSD_otc', 'LTCUSD_otc', 'MANUSD_otc', 'MCD_otc', 'MELUSD_otc', 'MSFT_otc', 'NDXUSD', 'NOTUSD_otc', 'NZDCAD_otc', 'NZDCHF_otc', 'NZDJPY_otc', 'NZDUSD_otc', 'PEPUSD_otc', 'PFE_otc', 'SHIUSD_otc', 'SOLUSD_otc', 'STXEUR', 'TIAUSD_otc', 'TONUSD_otc', 'TRUUSD_otc', 'TRXUSD_otc', 'UKBrent_otc', 'USCrude_otc', 'USDARS_otc', 'USDBDT_otc', 'USDCAD', 'USDCAD_otc', 'USDCHF', 'USDCHF_otc', 'USDCOP_otc', 'USDDZD_otc', 'USDEGP_otc', 'USDIDR_otc', 'USDINR_otc', 'USDJPY', 'USDJPY_otc', 'USDMXN_otc', 'USDNGN_otc', 'USDPHP_otc', 'USDPKR_otc', 'USDTRY_otc', 'USDZAR_otc', 'WIFUSD_otc', 'XAGUSD', 'XAGUSD_otc', 'XAUUSD', 'XAUUSD_otc', 'XRPUSD_otc', 'ZECUSD_otc']
2025-08-07 11:03:37,953 - services.data_service - WARNING - ⚠️ Trading pair not available in PyQuotex: USDBRL
2025-08-07 11:03:37,953 - services.data_service - WARNING - ⚠️ Trading pair not available in PyQuotex: NZDCAD
2025-08-07 11:03:37,953 - services.data_service - WARNING - ⚠️ Trading pair not available in PyQuotex: USDBDT
2025-08-07 11:03:37,953 - services.data_service - WARNING - ⚠️ Trading pair not available in PyQuotex: USDEGP
2025-08-07 11:03:37,954 - services.data_service - WARNING - ⚠️ None of the configured pairs were found in the available pairs list
2025-08-07 11:03:37,954 - services.data_service - INFO - 📊 Continuing with configured pairs: ['USDBRL', 'NZDCAD', 'USDBDT', 'USDEGP']
2025-08-07 11:03:37,954 - services.data_service - INFO - 📊 Starting data collection cycle...
2025-08-07 11:03:38,500 - services.data_service - INFO - ✅ MongoDB connected successfully
2025-08-07 11:03:38,501 - services.data_service - INFO - 📊 Configured trading pairs in database: ['USD/BRL(OTC)', 'NZD/CAD(OTC)', 'USD/BDT(OTC)', 'USD/EGP(OTC)']
2025-08-07 11:03:38,501 - services.data_service - INFO - 📊 Configured trading pairs for PyQuotex: ['USDBRL', 'NZDCAD', 'USDBDT', 'USDEGP']
2025-08-07 11:03:38,501 - services.data_service - INFO - 📡 WebSocket broadcaster configured
2025-08-07 11:03:45,037 - services.data_service - INFO - ✅ Collection successful: 4 candles collected
2025-08-07 11:03:45,038 - services.data_service - INFO -   📈 USD/BRL(OTC): down | O:5.24109 C:5.23807 | Change: -0.00302
2025-08-07 11:03:45,038 - services.data_service - INFO -   📈 NZD/CAD(OTC): down | O:0.81694 C:0.81672 | Change: -0.00022
2025-08-07 11:03:45,038 - services.data_service - INFO -   📈 USD/BDT(OTC): down | O:126.65400 C:126.63900 | Change: -0.01500
2025-08-07 11:03:45,038 - services.data_service - INFO -   📈 USD/EGP(OTC): down | O:50.98770 C:50.98720 | Change: -0.00050
2025-08-07 11:03:45,559 - services.data_service - INFO - 📊 Database: 1034 total candles
2025-08-07 11:03:45,560 - services.data_service - INFO - ⏳ Next collection in 52.4s...
2025-08-07 11:04:37,985 - services.data_service - INFO - 📊 Starting data collection cycle...
2025-08-07 11:04:47,898 - services.data_service - INFO - ✅ Collection successful: 4 candles collected
2025-08-07 11:04:47,898 - services.data_service - INFO -   📈 USD/BRL(OTC): up | O:5.23807 C:5.24439 | Change: +0.00632
2025-08-07 11:04:47,898 - services.data_service - INFO -   📈 NZD/CAD(OTC): up | O:0.81672 C:0.81689 | Change: +0.00017
2025-08-07 11:04:47,898 - services.data_service - INFO -   📈 USD/BDT(OTC): down | O:126.63900 C:126.62200 | Change: -0.01700
2025-08-07 11:04:47,898 - services.data_service - INFO -   📈 USD/EGP(OTC): up | O:50.98720 C:50.98870 | Change: +0.00150
2025-08-07 11:04:49,433 - services.data_service - INFO - 📊 Database: 1038 total candles
2025-08-07 11:04:49,433 - services.data_service - INFO - ⏳ Next collection in 48.6s...
2025-08-07 11:05:38,010 - services.data_service - INFO - 📊 Starting data collection cycle...
2025-08-07 11:06:26,779 - services.data_service - INFO - ✅ Collection successful: 4 candles collected
2025-08-07 11:06:26,779 - services.data_service - INFO -   📈 USD/BRL(OTC): up | O:5.24439 C:5.24494 | Change: +0.00055
2025-08-07 11:06:26,780 - services.data_service - INFO -   📈 NZD/CAD(OTC): down | O:0.81689 C:0.81685 | Change: -0.00004
2025-08-07 11:06:26,780 - services.data_service - INFO -   📈 USD/BDT(OTC): up | O:126.62900 C:126.66800 | Change: +0.03900
2025-08-07 11:06:26,780 - services.data_service - INFO -   📈 USD/EGP(OTC): down | O:50.98980 C:50.98520 | Change: -0.00460
2025-08-07 11:06:28,660 - services.data_service - INFO - 📊 Database: 1042 total candles
2025-08-07 11:06:28,660 - services.data_service - INFO - ⏳ Next collection in 9.3s...
2025-08-07 11:06:38,013 - services.data_service - INFO - 📊 Starting data collection cycle...
2025-08-07 11:06:57,637 - services.data_service - INFO - ✅ Collection successful: 4 candles collected
2025-08-07 11:06:57,637 - services.data_service - INFO -   📈 USD/BRL(OTC): up | O:5.24494 C:5.25072 | Change: +0.00578
2025-08-07 11:06:57,637 - services.data_service - INFO -   📈 NZD/CAD(OTC): up | O:0.81685 C:0.81702 | Change: +0.00017
2025-08-07 11:06:57,637 - services.data_service - INFO -   📈 USD/BDT(OTC): up | O:126.62900 C:126.66800 | Change: +0.03900
2025-08-07 11:06:57,637 - services.data_service - INFO -   📈 USD/EGP(OTC): down | O:50.98980 C:50.98520 | Change: -0.00460
2025-08-07 11:06:59,392 - services.data_service - INFO - 📊 Database: 1046 total candles
2025-08-07 11:06:59,393 - services.data_service - INFO - ⏳ Next collection in 38.6s...
2025-08-07 11:07:38,020 - services.data_service - INFO - 📊 Starting data collection cycle...
2025-08-07 11:07:47,369 - services.data_service - INFO - ✅ Collection successful: 4 candles collected
2025-08-07 11:07:47,370 - services.data_service - INFO -   📈 USD/BRL(OTC): up | O:5.25072 C:5.25348 | Change: +0.00276
2025-08-07 11:07:47,370 - services.data_service - INFO -   📈 NZD/CAD(OTC): down | O:0.81702 C:0.81695 | Change: -0.00007
2025-08-07 11:07:47,370 - services.data_service - INFO -   📈 USD/BDT(OTC): up | O:126.66800 C:126.69600 | Change: +0.02800
2025-08-07 11:07:47,370 - services.data_service - INFO -   📈 USD/EGP(OTC): up | O:50.98520 C:50.98530 | Change: +0.00010
2025-08-07 11:07:48,014 - services.data_service - INFO - 📊 Database: 1050 total candles
2025-08-07 11:07:48,015 - services.data_service - INFO - ⏳ Next collection in 50.0s...
2025-08-07 11:08:38,031 - services.data_service - INFO - 📊 Starting data collection cycle...
2025-08-07 11:08:44,983 - services.data_service - INFO - ✅ Collection successful: 4 candles collected
2025-08-07 11:08:44,983 - services.data_service - INFO -   📈 USD/BRL(OTC): up | O:5.25403 C:5.26205 | Change: +0.00802
2025-08-07 11:08:44,984 - services.data_service - INFO -   📈 NZD/CAD(OTC): up | O:0.81695 C:0.81736 | Change: +0.00041
2025-08-07 11:08:44,984 - services.data_service - INFO -   📈 USD/BDT(OTC): up | O:126.69600 C:126.69900 | Change: +0.00300
2025-08-07 11:08:44,984 - services.data_service - INFO -   📈 USD/EGP(OTC): down | O:50.98530 C:50.98360 | Change: -0.00170
2025-08-07 11:08:45,497 - services.data_service - INFO - 📊 Database: 1054 total candles
2025-08-07 11:08:45,497 - services.data_service - INFO - ⏳ Next collection in 52.5s...
2025-08-07 11:09:38,043 - services.data_service - INFO - 📊 Starting data collection cycle...
2025-08-07 11:09:45,145 - services.data_service - INFO - ✅ Collection successful: 4 candles collected
2025-08-07 11:09:45,145 - services.data_service - INFO -   📈 USD/BRL(OTC): up | O:5.26260 C:5.27065 | Change: +0.00804
2025-08-07 11:09:45,146 - services.data_service - INFO -   📈 NZD/CAD(OTC): up | O:0.81736 C:0.81762 | Change: +0.00026
2025-08-07 11:09:45,146 - services.data_service - INFO -   📈 USD/BDT(OTC): up | O:126.69900 C:126.71300 | Change: +0.01400
2025-08-07 11:09:45,146 - services.data_service - INFO -   📈 USD/EGP(OTC): down | O:50.98350 C:50.98270 | Change: -0.00080
2025-08-07 11:09:45,662 - services.data_service - INFO - 📊 Database: 1058 total candles
2025-08-07 11:09:45,662 - services.data_service - INFO - ⏳ Next collection in 52.4s...
2025-08-07 11:10:38,056 - services.data_service - INFO - 📊 Starting data collection cycle...
2025-08-07 11:10:45,509 - services.data_service - INFO - ✅ Collection successful: 4 candles collected
2025-08-07 11:10:45,509 - services.data_service - INFO -   📈 USD/BRL(OTC): up | O:5.27176 C:5.28011 | Change: +0.00835
2025-08-07 11:10:45,509 - services.data_service - INFO -   📈 NZD/CAD(OTC): down | O:0.81762 C:0.81729 | Change: -0.00033
2025-08-07 11:10:45,509 - services.data_service - INFO -   📈 USD/BDT(OTC): up | O:126.71300 C:126.73600 | Change: +0.02300
2025-08-07 11:10:45,509 - services.data_service - INFO -   📈 USD/EGP(OTC): up | O:50.98270 C:50.98360 | Change: +0.00090
2025-08-07 11:10:46,022 - services.data_service - INFO - 📊 Database: 1062 total candles
2025-08-07 11:10:46,022 - services.data_service - INFO - ⏳ Next collection in 52.0s...
2025-08-07 11:11:38,069 - services.data_service - INFO - 📊 Starting data collection cycle...
2025-08-07 11:11:48,665 - services.data_service - INFO - ✅ Collection successful: 4 candles collected
2025-08-07 11:11:48,666 - services.data_service - INFO -   📈 USD/BRL(OTC): down | O:5.28011 C:5.27621 | Change: -0.00390
2025-08-07 11:11:48,666 - services.data_service - INFO -   📈 NZD/CAD(OTC): down | O:0.81729 C:0.81729 | Change: +0.00000
2025-08-07 11:11:48,666 - services.data_service - INFO -   📈 USD/BDT(OTC): down | O:126.73300 C:126.69900 | Change: -0.03400
2025-08-07 11:11:48,666 - services.data_service - INFO -   📈 USD/EGP(OTC): up | O:50.98390 C:50.98650 | Change: +0.00260
2025-08-07 11:11:49,195 - services.data_service - INFO - 📊 Database: 1066 total candles
2025-08-07 11:11:49,195 - services.data_service - INFO - ⏳ Next collection in 48.9s...
2025-08-07 11:12:38,079 - services.data_service - INFO - 📊 Starting data collection cycle...
2025-08-07 11:12:46,013 - services.data_service - INFO - ✅ Collection successful: 4 candles collected
2025-08-07 11:12:46,014 - services.data_service - INFO -   📈 USD/BRL(OTC): down | O:5.27677 C:5.26676 | Change: -0.01000
2025-08-07 11:12:46,014 - services.data_service - INFO -   📈 NZD/CAD(OTC): down | O:0.81729 C:0.81724 | Change: -0.00005
2025-08-07 11:12:46,014 - services.data_service - INFO -   📈 USD/BDT(OTC): down | O:126.69900 C:126.69100 | Change: -0.00800
2025-08-07 11:12:46,014 - services.data_service - INFO -   📈 USD/EGP(OTC): down | O:50.98650 C:50.98530 | Change: -0.00120
2025-08-07 11:12:46,591 - services.data_service - INFO - 📊 Database: 1070 total candles
2025-08-07 11:12:46,591 - services.data_service - INFO - 📊 Service Statistics:
2025-08-07 11:12:46,591 - services.data_service - INFO -   🕐 Uptime: 0.15 hours
2025-08-07 11:12:46,591 - services.data_service - INFO -   📈 Collections: 10 total, 10 successful
2025-08-07 11:12:46,591 - services.data_service - INFO -   ✅ Success rate: 100.0%
2025-08-07 11:12:46,591 - services.data_service - INFO -   🔄 Reconnections: 0
2025-08-07 11:12:46,591 - services.data_service - INFO -   ⏰ Last collection: 0.0 minutes ago
2025-08-07 11:12:46,592 - services.data_service - INFO - ⏳ Next collection in 51.5s...
2025-08-07 11:13:38,092 - services.data_service - INFO - 📊 Starting data collection cycle...
2025-08-07 11:13:46,081 - services.data_service - INFO - ✅ Collection successful: 4 candles collected
2025-08-07 11:13:46,081 - services.data_service - INFO -   📈 USD/BRL(OTC): down | O:5.26676 C:5.26039 | Change: -0.00637
2025-08-07 11:13:46,082 - services.data_service - INFO -   📈 NZD/CAD(OTC): up | O:0.81725 C:0.81737 | Change: +0.00012
2025-08-07 11:13:46,082 - services.data_service - INFO -   📈 USD/BDT(OTC): down | O:126.69100 C:126.68800 | Change: -0.00300
2025-08-07 11:13:46,082 - services.data_service - INFO -   📈 USD/EGP(OTC): up | O:50.98470 C:50.98480 | Change: +0.00010
2025-08-07 11:13:46,624 - services.data_service - INFO - 📊 Database: 1074 total candles
2025-08-07 11:13:46,624 - services.data_service - INFO - ⏳ Next collection in 51.5s...
2025-08-07 11:14:38,105 - services.data_service - INFO - 📊 Starting data collection cycle...
2025-08-07 11:14:45,473 - services.data_service - INFO - ✅ Collection successful: 4 candles collected
2025-08-07 11:14:45,473 - services.data_service - INFO -   📈 USD/BRL(OTC): up | O:5.26039 C:5.26288 | Change: +0.00249
2025-08-07 11:14:45,473 - services.data_service - INFO -   📈 NZD/CAD(OTC): down | O:0.81737 C:0.81725 | Change: -0.00012
2025-08-07 11:14:45,473 - services.data_service - INFO -   📈 USD/BDT(OTC): up | O:126.69200 C:126.72400 | Change: +0.03200
2025-08-07 11:14:45,473 - services.data_service - INFO -   📈 USD/EGP(OTC): down | O:50.98520 C:50.98420 | Change: -0.00100
2025-08-07 11:14:45,995 - services.data_service - INFO - 📊 Database: 1078 total candles
2025-08-07 11:14:45,995 - services.data_service - INFO - ⏳ Next collection in 52.1s...
2025-08-07 11:15:38,116 - services.data_service - INFO - 📊 Starting data collection cycle...
2025-08-07 11:15:45,167 - services.data_service - INFO - ✅ Collection successful: 4 candles collected
2025-08-07 11:15:45,167 - services.data_service - INFO -   📈 USD/BRL(OTC): down | O:5.26205 C:5.25679 | Change: -0.00526
2025-08-07 11:15:45,167 - services.data_service - INFO -   📈 NZD/CAD(OTC): down | O:0.81725 C:0.81723 | Change: -0.00002
2025-08-07 11:15:45,167 - services.data_service - INFO -   📈 USD/BDT(OTC): up | O:126.72400 C:126.73000 | Change: +0.00600
2025-08-07 11:15:45,167 - services.data_service - INFO -   📈 USD/EGP(OTC): up | O:50.98420 C:50.98640 | Change: +0.00220
2025-08-07 11:15:45,682 - services.data_service - INFO - 📊 Database: 1082 total candles
2025-08-07 11:15:45,682 - services.data_service - INFO - ⏳ Next collection in 52.4s...
2025-08-07 11:16:38,128 - services.data_service - INFO - 📊 Starting data collection cycle...
2025-08-07 11:16:46,004 - services.data_service - INFO - ✅ Collection successful: 4 candles collected
2025-08-07 11:16:46,005 - services.data_service - INFO -   📈 USD/BRL(OTC): down | O:5.25679 C:5.25403 | Change: -0.00276
2025-08-07 11:16:46,005 - services.data_service - INFO -   📈 NZD/CAD(OTC): up | O:0.81723 C:0.81732 | Change: +0.00009
2025-08-07 11:16:46,006 - services.data_service - INFO -   📈 USD/BDT(OTC): up | O:126.73000 C:126.77000 | Change: +0.04000
2025-08-07 11:16:46,006 - services.data_service - INFO -   📈 USD/EGP(OTC): down | O:50.98640 C:50.98570 | Change: -0.00070
2025-08-07 11:16:46,528 - services.data_service - INFO - 📊 Database: 1086 total candles
2025-08-07 11:16:46,529 - services.data_service - INFO - ⏳ Next collection in 51.6s...
2025-08-07 11:17:38,140 - services.data_service - INFO - 📊 Starting data collection cycle...
2025-08-07 11:17:45,175 - services.data_service - INFO - ✅ Collection successful: 4 candles collected
2025-08-07 11:17:45,175 - services.data_service - INFO -   📈 USD/BRL(OTC): up | O:5.25403 C:5.26288 | Change: +0.00885
2025-08-07 11:17:45,175 - services.data_service - INFO -   📈 NZD/CAD(OTC): up | O:0.81732 C:0.81746 | Change: +0.00014
2025-08-07 11:17:45,175 - services.data_service - INFO -   📈 USD/BDT(OTC): down | O:126.76800 C:126.71900 | Change: -0.04900
2025-08-07 11:17:45,175 - services.data_service - INFO -   📈 USD/EGP(OTC): down | O:50.98570 C:50.98550 | Change: -0.00020
2025-08-07 11:17:46,243 - services.data_service - INFO - 📊 Database: 1090 total candles
2025-08-07 11:17:46,243 - services.data_service - INFO - ⏳ Next collection in 51.9s...
2025-08-07 11:18:38,153 - services.data_service - INFO - 📊 Starting data collection cycle...
2025-08-07 11:18:48,408 - services.data_service - INFO - ✅ Collection successful: 4 candles collected
2025-08-07 11:18:48,409 - services.data_service - INFO -   📈 USD/BRL(OTC): down | O:5.26288 C:5.25597 | Change: -0.00692
2025-08-07 11:18:48,409 - services.data_service - INFO -   📈 NZD/CAD(OTC): down | O:0.81746 C:0.81737 | Change: -0.00009
2025-08-07 11:18:48,409 - services.data_service - INFO -   📈 USD/BDT(OTC): up | O:126.71900 C:126.72300 | Change: +0.00400
2025-08-07 11:18:48,409 - services.data_service - INFO -   📈 USD/EGP(OTC): down | O:50.98550 C:50.98390 | Change: -0.00160
2025-08-07 11:18:49,072 - services.data_service - INFO - 📊 Database: 1094 total candles
2025-08-07 11:18:49,072 - services.data_service - INFO - ⏳ Next collection in 49.1s...
2025-08-07 11:19:38,163 - services.data_service - INFO - 📊 Starting data collection cycle...
2025-08-07 11:19:46,878 - services.data_service - INFO - ✅ Collection successful: 4 candles collected
2025-08-07 11:19:46,878 - services.data_service - INFO -   📈 USD/BRL(OTC): up | O:5.25597 C:5.26011 | Change: +0.00415
2025-08-07 11:19:46,878 - services.data_service - INFO -   📈 NZD/CAD(OTC): up | O:0.81738 C:0.81764 | Change: +0.00026
2025-08-07 11:19:46,878 - services.data_service - INFO -   📈 USD/BDT(OTC): down | O:126.72300 C:126.71800 | Change: -0.00500
2025-08-07 11:19:46,878 - services.data_service - INFO -   📈 USD/EGP(OTC): down | O:50.98390 C:50.98390 | Change: +0.00000
2025-08-07 11:19:47,408 - services.data_service - INFO - 📊 Database: 1098 total candles
2025-08-07 11:19:47,408 - services.data_service - INFO - ⏳ Next collection in 50.8s...
2025-08-07 11:20:11,531 - services.data_service - INFO - 🛑 Received signal 2. Initiating graceful shutdown...
2025-08-07 11:20:11,532 - services.data_service - INFO - 🛑 Received signal 2. Initiating graceful shutdown...
2025-08-07 11:20:12,413 - services.data_service - INFO - 🛑 Shutting down Continuous Data Service...
2025-08-07 11:20:13,965 - services.data_service - INFO - 📊 Service Statistics:
2025-08-07 11:20:13,965 - services.data_service - INFO -   🕐 Uptime: 0.27 hours
2025-08-07 11:20:13,966 - services.data_service - INFO -   📈 Collections: 17 total, 17 successful
2025-08-07 11:20:13,966 - services.data_service - INFO -   ✅ Success rate: 100.0%
2025-08-07 11:20:13,966 - services.data_service - INFO -   🔄 Reconnections: 0
2025-08-07 11:20:13,966 - services.data_service - INFO -   ⏰ Last collection: 0.5 minutes ago
2025-08-07 11:20:13,966 - services.data_service - INFO - ✅ Service shutdown complete
2025-08-07 11:20:24,879 - services.data_service - INFO - 🚀 Initializing Continuous Data Service...
2025-08-07 11:20:24,879 - services.data_service - INFO - 🔌 Connecting to MongoDB...
2025-08-07 11:20:28,498 - services.data_service - INFO - ✅ MongoDB connected successfully
2025-08-07 11:20:28,499 - services.data_service - INFO - 📊 Configured trading pairs in database: ['USD/BRL(OTC)', 'NZD/CAD(OTC)', 'USD/BDT(OTC)', 'USD/EGP(OTC)']
2025-08-07 11:20:28,499 - services.data_service - INFO - 📊 Configured trading pairs for PyQuotex: ['USDBRL', 'NZDCAD', 'USDBDT', 'USDEGP']
2025-08-07 11:20:28,526 - services.data_service - INFO - 🔄 Starting continuous data collection...
2025-08-07 11:20:28,527 - services.data_service - INFO - 🔌 Connecting to PyQuotex (attempt 1/5)...
2025-08-07 11:20:32,815 - services.data_service - INFO - 🚀 Initializing Continuous Data Service...
2025-08-07 11:20:32,815 - services.data_service - INFO - 🔌 Connecting to MongoDB...
2025-08-07 11:20:35,292 - services.data_service - INFO - ✅ Connected to PyQuotex successfully
2025-08-07 11:20:35,293 - services.data_service - INFO - 📊 Available pairs in PyQuotex: ['ADAUSD_otc', 'APTUSD_otc', 'ARBUSD_otc', 'ATOUSD_otc', 'AUDCAD', 'AUDCAD_otc', 'AUDCHF', 'AUDCHF_otc', 'AUDJPY', 'AUDJPY_otc', 'AUDNZD_otc', 'AUDUSD', 'AUDUSD_otc', 'AVAUSD_otc', 'AXJAUD', 'AXP_otc', 'AXSUSD_otc', 'BA_otc', 'BCHUSD_otc', 'BEAUSD_otc', 'BNBUSD_otc', 'BONUSD_otc', 'BRLUSD_otc', 'BTCUSD_otc', 'CADCHF_otc', 'CADJPY', 'CADJPY_otc', 'CHFJPY', 'CHFJPY_otc', 'CHIA50', 'DASUSD_otc', 'DJIUSD', 'DOGUSD_otc', 'DOTUSD_otc', 'ETCUSD_otc', 'ETHUSD_otc', 'EURAUD', 'EURAUD_otc', 'EURCAD', 'EURCAD_otc', 'EURCHF', 'EURCHF_otc', 'EURGBP', 'EURGBP_otc', 'EURJPY', 'EURJPY_otc', 'EURNZD_otc', 'EURSGD_otc', 'EURUSD', 'EURUSD_otc', 'F40EUR', 'FB_otc', 'FLOUSD_otc', 'FTSGBP', 'GALUSD_otc', 'GBPAUD', 'GBPAUD_otc', 'GBPCAD', 'GBPCAD_otc', 'GBPCHF', 'GBPCHF_otc', 'GBPJPY', 'GBPJPY_otc', 'GBPNZD_otc', 'GBPUSD', 'GBPUSD_otc', 'HMSUSD_otc', 'HSIHKD', 'IBXEUR', 'INTC_otc', 'JNJ_otc', 'JPXJPY', 'LINUSD_otc', 'LTCUSD_otc', 'MANUSD_otc', 'MCD_otc', 'MELUSD_otc', 'MSFT_otc', 'NDXUSD', 'NOTUSD_otc', 'NZDCAD_otc', 'NZDCHF_otc', 'NZDJPY_otc', 'NZDUSD_otc', 'PEPUSD_otc', 'PFE_otc', 'SHIUSD_otc', 'SOLUSD_otc', 'STXEUR', 'TIAUSD_otc', 'TONUSD_otc', 'TRUUSD_otc', 'TRXUSD_otc', 'UKBrent_otc', 'USCrude_otc', 'USDARS_otc', 'USDBDT_otc', 'USDCAD', 'USDCAD_otc', 'USDCHF', 'USDCHF_otc', 'USDCOP_otc', 'USDDZD_otc', 'USDEGP_otc', 'USDIDR_otc', 'USDINR_otc', 'USDJPY', 'USDJPY_otc', 'USDMXN_otc', 'USDNGN_otc', 'USDPHP_otc', 'USDPKR_otc', 'USDTRY_otc', 'USDZAR_otc', 'WIFUSD_otc', 'XAGUSD', 'XAGUSD_otc', 'XAUUSD', 'XAUUSD_otc', 'XRPUSD_otc', 'ZECUSD_otc']
2025-08-07 11:20:35,294 - services.data_service - WARNING - ⚠️ Trading pair not available in PyQuotex: USDBRL
2025-08-07 11:20:35,294 - services.data_service - WARNING - ⚠️ Trading pair not available in PyQuotex: NZDCAD
2025-08-07 11:20:35,294 - services.data_service - WARNING - ⚠️ Trading pair not available in PyQuotex: USDBDT
2025-08-07 11:20:35,294 - services.data_service - WARNING - ⚠️ Trading pair not available in PyQuotex: USDEGP
2025-08-07 11:20:35,295 - services.data_service - WARNING - ⚠️ None of the configured pairs were found in the available pairs list
2025-08-07 11:20:35,295 - services.data_service - INFO - 📊 Continuing with configured pairs: ['USDBRL', 'NZDCAD', 'USDBDT', 'USDEGP']
2025-08-07 11:20:35,295 - services.data_service - INFO - 📊 Starting data collection cycle...
2025-08-07 11:20:35,812 - services.data_service - INFO - ✅ MongoDB connected successfully
2025-08-07 11:20:35,812 - services.data_service - INFO - 📊 Configured trading pairs in database: ['USD/BRL(OTC)', 'NZD/CAD(OTC)', 'USD/BDT(OTC)', 'USD/EGP(OTC)']
2025-08-07 11:20:35,813 - services.data_service - INFO - 📊 Configured trading pairs for PyQuotex: ['USDBRL', 'NZDCAD', 'USDBDT', 'USDEGP']
2025-08-07 11:20:35,813 - services.data_service - INFO - 📡 WebSocket broadcaster configured
2025-08-07 11:20:42,301 - services.data_service - INFO - ✅ Collection successful: 4 candles collected
2025-08-07 11:20:42,302 - services.data_service - INFO -   📈 USD/BRL(OTC): down | O:5.26011 C:5.25045 | Change: -0.00967
2025-08-07 11:20:42,302 - services.data_service - INFO -   📈 NZD/CAD(OTC): up | O:0.81764 C:0.81775 | Change: +0.00011
2025-08-07 11:20:42,302 - services.data_service - INFO -   📈 USD/BDT(OTC): down | O:126.71800 C:126.70900 | Change: -0.00900
2025-08-07 11:20:42,302 - services.data_service - INFO -   📈 USD/EGP(OTC): up | O:50.98390 C:50.98440 | Change: +0.00050
2025-08-07 11:20:42,995 - services.data_service - INFO - 📊 Database: 1102 total candles
2025-08-07 11:20:42,996 - services.data_service - INFO - ⏳ Next collection in 52.3s...
2025-08-07 11:21:35,307 - services.data_service - INFO - 📊 Starting data collection cycle...
2025-08-07 11:21:42,908 - services.data_service - INFO - ✅ Collection successful: 4 candles collected
2025-08-07 11:21:42,909 - services.data_service - INFO -   📈 USD/BRL(OTC): down | O:5.25045 C:5.24934 | Change: -0.00110
2025-08-07 11:21:42,909 - services.data_service - INFO -   📈 NZD/CAD(OTC): down | O:0.81775 C:0.81754 | Change: -0.00021
2025-08-07 11:21:42,909 - services.data_service - INFO -   📈 USD/BDT(OTC): down | O:126.70900 C:126.69100 | Change: -0.01800
2025-08-07 11:21:42,910 - services.data_service - INFO -   📈 USD/EGP(OTC): up | O:50.98440 C:50.98940 | Change: +0.00500
2025-08-07 11:21:43,484 - services.data_service - INFO - 📊 Database: 1106 total candles
2025-08-07 11:21:43,485 - services.data_service - INFO - ⏳ Next collection in 51.8s...
2025-08-07 11:22:35,319 - services.data_service - INFO - 📊 Starting data collection cycle...
2025-08-07 11:36:23,044 - services.data_service - INFO - 🛑 Received signal 2. Initiating graceful shutdown...
2025-08-07 11:36:23,045 - services.data_service - INFO - 🛑 Received signal 2. Initiating graceful shutdown...
2025-08-07 11:48:46,042 - services.data_service - INFO - 🛑 Received signal 2. Initiating graceful shutdown...
2025-08-07 11:48:46,042 - services.data_service - INFO - 🛑 Received signal 2. Initiating graceful shutdown...
2025-08-07 11:48:55,975 - services.data_service - INFO - 🚀 Initializing Continuous Data Service...
2025-08-07 11:48:55,976 - services.data_service - INFO - 🔌 Connecting to MongoDB...
2025-08-07 11:48:59,108 - services.data_service - INFO - ✅ MongoDB connected successfully
2025-08-07 11:48:59,109 - services.data_service - INFO - 📊 Configured trading pairs in database: ['USD/BRL(OTC)', 'NZD/CAD(OTC)', 'USD/BDT(OTC)', 'USD/EGP(OTC)']
2025-08-07 11:48:59,109 - services.data_service - INFO - 📊 Configured trading pairs for PyQuotex: ['USDBRL', 'NZDCAD', 'USDBDT', 'USDEGP']
2025-08-07 11:48:59,145 - services.data_service - INFO - 🔄 Starting continuous data collection...
2025-08-07 11:48:59,145 - services.data_service - INFO - 🔌 Connecting to PyQuotex (attempt 1/5)...
2025-08-07 11:49:03,493 - services.data_service - INFO - 🚀 Initializing Continuous Data Service...
2025-08-07 11:49:03,493 - services.data_service - INFO - 🔌 Connecting to MongoDB...
2025-08-07 11:49:05,804 - services.data_service - INFO - ✅ Connected to PyQuotex successfully
2025-08-07 11:49:05,805 - services.data_service - INFO - 📊 Available pairs in PyQuotex: ['ADAUSD_otc', 'APTUSD_otc', 'ARBUSD_otc', 'ATOUSD_otc', 'AUDCAD', 'AUDCAD_otc', 'AUDCHF', 'AUDCHF_otc', 'AUDJPY', 'AUDJPY_otc', 'AUDNZD_otc', 'AUDUSD', 'AUDUSD_otc', 'AVAUSD_otc', 'AXJAUD', 'AXP_otc', 'AXSUSD_otc', 'BA_otc', 'BCHUSD_otc', 'BEAUSD_otc', 'BNBUSD_otc', 'BONUSD_otc', 'BRLUSD_otc', 'BTCUSD_otc', 'CADCHF_otc', 'CADJPY', 'CADJPY_otc', 'CHFJPY', 'CHFJPY_otc', 'CHIA50', 'DASUSD_otc', 'DJIUSD', 'DOGUSD_otc', 'DOTUSD_otc', 'ETCUSD_otc', 'ETHUSD_otc', 'EURAUD', 'EURAUD_otc', 'EURCAD', 'EURCAD_otc', 'EURCHF', 'EURCHF_otc', 'EURGBP', 'EURGBP_otc', 'EURJPY', 'EURJPY_otc', 'EURNZD_otc', 'EURSGD_otc', 'EURUSD', 'EURUSD_otc', 'F40EUR', 'FB_otc', 'FLOUSD_otc', 'FTSGBP', 'GALUSD_otc', 'GBPAUD', 'GBPAUD_otc', 'GBPCAD', 'GBPCAD_otc', 'GBPCHF', 'GBPCHF_otc', 'GBPJPY', 'GBPJPY_otc', 'GBPNZD_otc', 'GBPUSD', 'GBPUSD_otc', 'HMSUSD_otc', 'HSIHKD', 'IBXEUR', 'INTC_otc', 'JNJ_otc', 'JPXJPY', 'LINUSD_otc', 'LTCUSD_otc', 'MANUSD_otc', 'MCD_otc', 'MELUSD_otc', 'MSFT_otc', 'NDXUSD', 'NOTUSD_otc', 'NZDCAD_otc', 'NZDCHF_otc', 'NZDJPY_otc', 'NZDUSD_otc', 'PEPUSD_otc', 'PFE_otc', 'SHIUSD_otc', 'SOLUSD_otc', 'STXEUR', 'TIAUSD_otc', 'TONUSD_otc', 'TRUUSD_otc', 'TRXUSD_otc', 'UKBrent_otc', 'USCrude_otc', 'USDARS_otc', 'USDBDT_otc', 'USDCAD', 'USDCAD_otc', 'USDCHF', 'USDCHF_otc', 'USDCOP_otc', 'USDDZD_otc', 'USDEGP_otc', 'USDIDR_otc', 'USDINR_otc', 'USDJPY', 'USDJPY_otc', 'USDMXN_otc', 'USDNGN_otc', 'USDPHP_otc', 'USDPKR_otc', 'USDTRY_otc', 'USDZAR_otc', 'WIFUSD_otc', 'XAGUSD', 'XAGUSD_otc', 'XAUUSD', 'XAUUSD_otc', 'XRPUSD_otc', 'ZECUSD_otc']
2025-08-07 11:49:05,805 - services.data_service - WARNING - ⚠️ Trading pair not available in PyQuotex: USDBRL
2025-08-07 11:49:05,805 - services.data_service - WARNING - ⚠️ Trading pair not available in PyQuotex: NZDCAD
2025-08-07 11:49:05,805 - services.data_service - WARNING - ⚠️ Trading pair not available in PyQuotex: USDBDT
2025-08-07 11:49:05,805 - services.data_service - WARNING - ⚠️ Trading pair not available in PyQuotex: USDEGP
2025-08-07 11:49:05,805 - services.data_service - WARNING - ⚠️ None of the configured pairs were found in the available pairs list
2025-08-07 11:49:05,805 - services.data_service - INFO - 📊 Continuing with configured pairs: ['USDBRL', 'NZDCAD', 'USDBDT', 'USDEGP']
2025-08-07 11:49:05,805 - services.data_service - INFO - 📊 Starting data collection cycle...
2025-08-07 11:49:06,644 - services.data_service - INFO - ✅ MongoDB connected successfully
2025-08-07 11:49:06,645 - services.data_service - INFO - 📊 Configured trading pairs in database: ['USD/BRL(OTC)', 'NZD/CAD(OTC)', 'USD/BDT(OTC)', 'USD/EGP(OTC)']
2025-08-07 11:49:06,645 - services.data_service - INFO - 📊 Configured trading pairs for PyQuotex: ['USDBRL', 'NZDCAD', 'USDBDT', 'USDEGP']
2025-08-07 11:49:06,645 - services.data_service - INFO - 📡 WebSocket broadcaster configured
2025-08-07 11:49:12,341 - services.data_service - INFO - ✅ Collection successful: 4 candles collected
2025-08-07 11:49:12,341 - services.data_service - INFO -   📈 USD/BRL(OTC): up | O:5.23478 C:5.24521 | Change: +0.01043
2025-08-07 11:49:12,342 - services.data_service - INFO -   📈 NZD/CAD(OTC): down | O:0.81759 C:0.81756 | Change: -0.00003
2025-08-07 11:49:12,342 - services.data_service - INFO -   📈 USD/BDT(OTC): up | O:126.26900 C:126.29000 | Change: +0.02100
2025-08-07 11:49:12,342 - services.data_service - INFO -   📈 USD/EGP(OTC): down | O:51.00310 C:51.00170 | Change: -0.00140
2025-08-07 11:49:13,239 - services.data_service - INFO - 📊 Database: 1111 total candles
2025-08-07 11:49:13,239 - services.data_service - INFO - ⏳ Next collection in 52.6s...
2025-08-07 11:50:05,818 - services.data_service - INFO - 📊 Starting data collection cycle...
2025-08-07 11:50:12,578 - services.data_service - INFO - ✅ Collection successful: 4 candles collected
2025-08-07 11:50:12,578 - services.data_service - INFO -   📈 USD/BRL(OTC): down | O:5.24411 C:5.24301 | Change: -0.00110
2025-08-07 11:50:12,578 - services.data_service - INFO -   📈 NZD/CAD(OTC): up | O:0.81756 C:0.81758 | Change: +0.00002
2025-08-07 11:50:12,579 - services.data_service - INFO -   📈 USD/BDT(OTC): down | O:126.29400 C:126.29400 | Change: +0.00000
2025-08-07 11:50:12,580 - services.data_service - INFO -   📈 USD/EGP(OTC): up | O:51.00160 C:51.00370 | Change: +0.00210
2025-08-07 11:50:13,077 - services.data_service - INFO - 📊 Database: 1115 total candles
2025-08-07 11:50:13,078 - services.data_service - INFO - ⏳ Next collection in 52.7s...
2025-08-07 11:51:05,829 - services.data_service - INFO - 📊 Starting data collection cycle...
2025-08-07 11:51:12,445 - services.data_service - INFO - ✅ Collection successful: 4 candles collected
2025-08-07 11:51:12,446 - services.data_service - INFO -   📈 USD/BRL(OTC): down | O:5.24356 C:5.23889 | Change: -0.00467
2025-08-07 11:51:12,446 - services.data_service - INFO -   📈 NZD/CAD(OTC): down | O:0.81758 C:0.81753 | Change: -0.00005
2025-08-07 11:51:12,446 - services.data_service - INFO -   📈 USD/BDT(OTC): up | O:126.29600 C:126.34400 | Change: +0.04800
2025-08-07 11:51:12,446 - services.data_service - INFO -   📈 USD/EGP(OTC): up | O:51.00350 C:51.00600 | Change: +0.00250
2025-08-07 11:51:12,942 - services.data_service - INFO - 📊 Database: 1119 total candles
2025-08-07 11:51:12,942 - services.data_service - INFO - ⏳ Next collection in 52.9s...
2025-08-07 11:52:05,842 - services.data_service - INFO - 📊 Starting data collection cycle...
2025-08-07 11:52:13,164 - services.data_service - INFO - ✅ Collection successful: 4 candles collected
2025-08-07 11:52:13,165 - services.data_service - INFO -   📈 USD/BRL(OTC): up | O:5.24082 C:5.24109 | Change: +0.00027
2025-08-07 11:52:13,165 - services.data_service - INFO -   📈 NZD/CAD(OTC): down | O:0.81753 C:0.81753 | Change: +0.00000
2025-08-07 11:52:13,165 - services.data_service - INFO -   📈 USD/BDT(OTC): up | O:126.34000 C:126.34900 | Change: +0.00900
2025-08-07 11:52:13,165 - services.data_service - INFO -   📈 USD/EGP(OTC): up | O:51.00580 C:51.00670 | Change: +0.00090
2025-08-07 11:52:13,665 - services.data_service - INFO - 📊 Database: 1123 total candles
2025-08-07 11:52:13,665 - services.data_service - INFO - ⏳ Next collection in 52.2s...
2025-08-07 11:53:05,853 - services.data_service - INFO - 📊 Starting data collection cycle...
2025-08-07 11:53:12,787 - services.data_service - INFO - ✅ Collection successful: 4 candles collected
2025-08-07 11:53:12,787 - services.data_service - INFO -   📈 USD/BRL(OTC): down | O:5.24164 C:5.23423 | Change: -0.00741
2025-08-07 11:53:12,787 - services.data_service - INFO -   📈 NZD/CAD(OTC): up | O:0.81752 C:0.81762 | Change: +0.00010
2025-08-07 11:53:12,788 - services.data_service - INFO -   📈 USD/BDT(OTC): down | O:126.34700 C:126.33800 | Change: -0.00900
2025-08-07 11:53:12,788 - services.data_service - INFO -   📈 USD/EGP(OTC): up | O:51.00650 C:51.00860 | Change: +0.00210
2025-08-07 11:53:13,302 - services.data_service - INFO - 📊 Database: 1127 total candles
2025-08-07 11:53:13,302 - services.data_service - INFO - ⏳ Next collection in 52.6s...
2025-08-07 11:54:05,867 - services.data_service - INFO - 📊 Starting data collection cycle...
2025-08-07 11:54:12,598 - services.data_service - INFO - ✅ Collection successful: 4 candles collected
2025-08-07 11:54:12,598 - services.data_service - INFO -   📈 USD/BRL(OTC): down | O:5.23423 C:5.23286 | Change: -0.00137
2025-08-07 11:54:12,599 - services.data_service - INFO -   📈 NZD/CAD(OTC): down | O:0.81762 C:0.81752 | Change: -0.00010
2025-08-07 11:54:12,599 - services.data_service - INFO -   📈 USD/BDT(OTC): down | O:126.33800 C:126.30800 | Change: -0.03000
2025-08-07 11:54:12,599 - services.data_service - INFO -   📈 USD/EGP(OTC): down | O:51.00860 C:51.00850 | Change: -0.00010
2025-08-07 11:54:13,097 - services.data_service - INFO - 📊 Database: 1131 total candles
2025-08-07 11:54:13,097 - services.data_service - INFO - ⏳ Next collection in 52.8s...
2025-08-07 11:55:05,879 - services.data_service - INFO - 📊 Starting data collection cycle...
2025-08-07 11:55:12,733 - services.data_service - INFO - ✅ Collection successful: 4 candles collected
2025-08-07 11:55:12,733 - services.data_service - INFO -   📈 USD/BRL(OTC): up | O:5.23286 C:5.23725 | Change: +0.00438
2025-08-07 11:55:12,733 - services.data_service - INFO -   📈 NZD/CAD(OTC): down | O:0.81752 C:0.81750 | Change: -0.00002
2025-08-07 11:55:12,733 - services.data_service - INFO -   📈 USD/BDT(OTC): down | O:126.30800 C:126.30800 | Change: +0.00000
2025-08-07 11:55:12,733 - services.data_service - INFO -   📈 USD/EGP(OTC): down | O:51.00850 C:51.00770 | Change: -0.00080
2025-08-07 11:55:13,231 - services.data_service - INFO - 📊 Database: 1135 total candles
2025-08-07 11:55:13,231 - services.data_service - INFO - ⏳ Next collection in 52.6s...
2025-08-07 11:56:05,893 - services.data_service - INFO - 📊 Starting data collection cycle...
2025-08-07 11:56:12,727 - services.data_service - INFO - ✅ Collection successful: 4 candles collected
2025-08-07 11:56:12,728 - services.data_service - INFO -   📈 USD/BRL(OTC): up | O:5.23725 C:5.24879 | Change: +0.01155
2025-08-07 11:56:12,728 - services.data_service - INFO -   📈 NZD/CAD(OTC): down | O:0.81750 C:0.81740 | Change: -0.00010
2025-08-07 11:56:12,728 - services.data_service - INFO -   📈 USD/BDT(OTC): down | O:126.30800 C:126.24700 | Change: -0.06100
2025-08-07 11:56:12,728 - services.data_service - INFO -   📈 USD/EGP(OTC): down | O:51.00770 C:51.00660 | Change: -0.00110
2025-08-07 11:56:13,226 - services.data_service - INFO - 📊 Database: 1139 total candles
2025-08-07 11:56:13,226 - services.data_service - INFO - ⏳ Next collection in 52.7s...
2025-08-07 11:57:05,906 - services.data_service - INFO - 📊 Starting data collection cycle...
2025-08-07 11:57:12,543 - services.data_service - INFO - ✅ Collection successful: 4 candles collected
2025-08-07 11:57:12,543 - services.data_service - INFO -   📈 USD/BRL(OTC): down | O:5.24879 C:5.24576 | Change: -0.00303
2025-08-07 11:57:12,543 - services.data_service - INFO -   📈 NZD/CAD(OTC): down | O:0.81740 C:0.81740 | Change: +0.00000
2025-08-07 11:57:12,543 - services.data_service - INFO -   📈 USD/BDT(OTC): down | O:126.24700 C:126.24000 | Change: -0.00700
2025-08-07 11:57:12,543 - services.data_service - INFO -   📈 USD/EGP(OTC): down | O:51.00660 C:51.00590 | Change: -0.00070
2025-08-07 11:57:13,053 - services.data_service - INFO - 📊 Database: 1143 total candles
2025-08-07 11:57:13,054 - services.data_service - INFO - ⏳ Next collection in 52.9s...
2025-08-07 11:58:05,918 - services.data_service - INFO - 📊 Starting data collection cycle...
2025-08-07 11:58:13,162 - services.data_service - INFO - ✅ Collection successful: 4 candles collected
2025-08-07 11:58:13,162 - services.data_service - INFO -   📈 USD/BRL(OTC): down | O:5.24521 C:5.23862 | Change: -0.00659
2025-08-07 11:58:13,162 - services.data_service - INFO -   📈 NZD/CAD(OTC): down | O:0.81740 C:0.81739 | Change: -0.00001
2025-08-07 11:58:13,163 - services.data_service - INFO -   📈 USD/BDT(OTC): up | O:126.22900 C:126.23300 | Change: +0.00400
2025-08-07 11:58:13,163 - services.data_service - INFO -   📈 USD/EGP(OTC): down | O:51.00590 C:51.00510 | Change: -0.00080
2025-08-07 11:58:13,662 - services.data_service - INFO - 📊 Database: 1147 total candles
2025-08-07 11:58:13,662 - services.data_service - INFO - 📊 Service Statistics:
2025-08-07 11:58:13,662 - services.data_service - INFO -   🕐 Uptime: 0.15 hours
2025-08-07 11:58:13,662 - services.data_service - INFO -   📈 Collections: 10 total, 10 successful
2025-08-07 11:58:13,662 - services.data_service - INFO -   ✅ Success rate: 100.0%
2025-08-07 11:58:13,662 - services.data_service - INFO -   🔄 Reconnections: 0
2025-08-07 11:58:13,663 - services.data_service - INFO -   ⏰ Last collection: 0.0 minutes ago
2025-08-07 11:58:13,663 - services.data_service - INFO - ⏳ Next collection in 52.3s...
2025-08-07 11:59:05,931 - services.data_service - INFO - 📊 Starting data collection cycle...
2025-08-07 11:59:12,684 - services.data_service - INFO - ✅ Collection successful: 4 candles collected
2025-08-07 11:59:12,685 - services.data_service - INFO -   📈 USD/BRL(OTC): up | O:5.23862 C:5.25155 | Change: +0.01293
2025-08-07 11:59:12,685 - services.data_service - INFO -   📈 NZD/CAD(OTC): down | O:0.81739 C:0.81737 | Change: -0.00002
2025-08-07 11:59:12,685 - services.data_service - INFO -   📈 USD/BDT(OTC): down | O:126.23200 C:126.22300 | Change: -0.00900
2025-08-07 11:59:12,685 - services.data_service - INFO -   📈 USD/EGP(OTC): up | O:51.00530 C:51.00760 | Change: +0.00230
2025-08-07 11:59:13,204 - services.data_service - INFO - 📊 Database: 1151 total candles
2025-08-07 11:59:13,204 - services.data_service - INFO - ⏳ Next collection in 52.7s...
2025-08-07 12:00:05,943 - services.data_service - INFO - 📊 Starting data collection cycle...
2025-08-07 12:00:12,911 - services.data_service - INFO - ✅ Collection successful: 4 candles collected
2025-08-07 12:00:12,911 - services.data_service - INFO -   📈 USD/BRL(OTC): down | O:5.25072 C:5.23862 | Change: -0.01210
2025-08-07 12:00:12,912 - services.data_service - INFO -   📈 NZD/CAD(OTC): down | O:0.81737 C:0.81736 | Change: -0.00001
2025-08-07 12:00:12,912 - services.data_service - INFO -   📈 USD/BDT(OTC): up | O:126.22400 C:126.30700 | Change: +0.08300
2025-08-07 12:00:12,913 - services.data_service - INFO -   📈 USD/EGP(OTC): down | O:51.00740 C:51.00690 | Change: -0.00050
2025-08-07 12:00:13,422 - services.data_service - INFO - 📊 Database: 1155 total candles
2025-08-07 12:00:13,422 - services.data_service - INFO - ⏳ Next collection in 52.5s...
2025-08-07 12:01:05,956 - services.data_service - INFO - 📊 Starting data collection cycle...
2025-08-07 12:01:12,993 - services.data_service - INFO - ✅ Collection successful: 4 candles collected
2025-08-07 12:01:12,994 - services.data_service - INFO -   📈 USD/BRL(OTC): down | O:5.23917 C:5.23752 | Change: -0.00165
2025-08-07 12:01:12,994 - services.data_service - INFO -   📈 NZD/CAD(OTC): up | O:0.81736 C:0.81740 | Change: +0.00004
2025-08-07 12:01:12,994 - services.data_service - INFO -   📈 USD/BDT(OTC): down | O:126.30400 C:126.30100 | Change: -0.00300
2025-08-07 12:01:12,994 - services.data_service - INFO -   📈 USD/EGP(OTC): up | O:51.00700 C:51.01090 | Change: +0.00390
2025-08-07 12:01:13,496 - services.data_service - INFO - 📊 Database: 1159 total candles
2025-08-07 12:01:13,496 - services.data_service - INFO - ⏳ Next collection in 52.5s...
2025-08-07 12:02:05,969 - services.data_service - INFO - 📊 Starting data collection cycle...
2025-08-07 12:02:12,605 - services.data_service - INFO - ✅ Collection successful: 4 candles collected
2025-08-07 12:02:12,606 - services.data_service - INFO -   📈 USD/BRL(OTC): up | O:5.23670 C:5.25320 | Change: +0.01651
2025-08-07 12:02:12,607 - services.data_service - INFO -   📈 NZD/CAD(OTC): up | O:0.81740 C:0.81747 | Change: +0.00007
2025-08-07 12:02:12,607 - services.data_service - INFO -   📈 USD/BDT(OTC): up | O:126.30300 C:126.32100 | Change: +0.01800
2025-08-07 12:02:12,607 - services.data_service - INFO -   📈 USD/EGP(OTC): up | O:51.01070 C:51.01240 | Change: +0.00170
2025-08-07 12:02:13,107 - services.data_service - INFO - 📊 Database: 1163 total candles
2025-08-07 12:02:13,108 - services.data_service - INFO - ⏳ Next collection in 52.9s...
2025-08-07 12:03:05,982 - services.data_service - INFO - 📊 Starting data collection cycle...
2025-08-07 12:03:13,137 - services.data_service - INFO - ✅ Collection successful: 4 candles collected
2025-08-07 12:03:13,138 - services.data_service - INFO -   📈 USD/BRL(OTC): up | O:5.25320 C:5.25431 | Change: +0.00110
2025-08-07 12:03:13,138 - services.data_service - INFO -   📈 NZD/CAD(OTC): down | O:0.81747 C:0.81747 | Change: +0.00000
2025-08-07 12:03:13,139 - services.data_service - INFO -   📈 USD/BDT(OTC): down | O:126.32100 C:126.28400 | Change: -0.03700
2025-08-07 12:03:13,139 - services.data_service - INFO -   📈 USD/EGP(OTC): up | O:51.01240 C:51.01390 | Change: +0.00150
2025-08-07 12:03:13,643 - services.data_service - INFO - 📊 Database: 1167 total candles
2025-08-07 12:03:13,644 - services.data_service - INFO - ⏳ Next collection in 52.3s...
2025-08-07 12:04:05,995 - services.data_service - INFO - 📊 Starting data collection cycle...
2025-08-07 12:04:12,629 - services.data_service - INFO - ✅ Collection successful: 4 candles collected
2025-08-07 12:04:12,629 - services.data_service - INFO -   📈 USD/BRL(OTC): down | O:5.25431 C:5.25210 | Change: -0.00221
2025-08-07 12:04:12,630 - services.data_service - INFO -   📈 NZD/CAD(OTC): down | O:0.81747 C:0.81740 | Change: -0.00007
2025-08-07 12:04:12,630 - services.data_service - INFO -   📈 USD/BDT(OTC): up | O:126.28600 C:126.29200 | Change: +0.00600
2025-08-07 12:04:12,630 - services.data_service - INFO -   📈 USD/EGP(OTC): down | O:51.01390 C:51.01260 | Change: -0.00130
2025-08-07 12:04:13,157 - services.data_service - INFO - 📊 Database: 1171 total candles
2025-08-07 12:04:13,157 - services.data_service - INFO - ⏳ Next collection in 52.8s...
2025-08-07 12:05:06,007 - services.data_service - INFO - 📊 Starting data collection cycle...
2025-08-07 12:05:12,873 - services.data_service - INFO - ✅ Collection successful: 4 candles collected
2025-08-07 12:05:12,874 - services.data_service - INFO -   📈 USD/BRL(OTC): down | O:5.25210 C:5.25045 | Change: -0.00165
2025-08-07 12:05:12,874 - services.data_service - INFO -   📈 NZD/CAD(OTC): down | O:0.81739 C:0.81739 | Change: +0.00000
2025-08-07 12:05:12,875 - services.data_service - INFO -   📈 USD/BDT(OTC): up | O:126.29400 C:126.31400 | Change: +0.02000
2025-08-07 12:05:12,875 - services.data_service - INFO -   📈 USD/EGP(OTC): up | O:51.01260 C:51.01770 | Change: +0.00510
2025-08-07 12:05:13,375 - services.data_service - INFO - 📊 Database: 1175 total candles
2025-08-07 12:05:13,376 - services.data_service - INFO - ⏳ Next collection in 52.6s...
2025-08-07 12:06:06,047 - services.data_service - INFO - 📊 Starting data collection cycle...
2025-08-07 12:06:12,696 - services.data_service - INFO - ✅ Collection successful: 4 candles collected
2025-08-07 12:06:12,697 - services.data_service - INFO -   📈 USD/BRL(OTC): up | O:5.25045 C:5.25376 | Change: +0.00331
2025-08-07 12:06:12,697 - services.data_service - INFO -   📈 NZD/CAD(OTC): up | O:0.81740 C:0.81748 | Change: +0.00008
2025-08-07 12:06:12,697 - services.data_service - INFO -   📈 USD/BDT(OTC): up | O:126.31600 C:126.31800 | Change: +0.00200
2025-08-07 12:06:12,697 - services.data_service - INFO -   📈 USD/EGP(OTC): down | O:51.01760 C:51.01730 | Change: -0.00030
2025-08-07 12:06:13,203 - services.data_service - INFO - 📊 Database: 1179 total candles
2025-08-07 12:06:13,203 - services.data_service - INFO - ⏳ Next collection in 52.8s...
2025-08-07 12:07:06,076 - services.data_service - INFO - 📊 Starting data collection cycle...
2025-08-07 12:07:12,757 - services.data_service - INFO - ✅ Collection successful: 4 candles collected
2025-08-07 12:07:12,758 - services.data_service - INFO -   📈 USD/BRL(OTC): up | O:5.25376 C:5.25928 | Change: +0.00553
2025-08-07 12:07:12,758 - services.data_service - INFO -   📈 NZD/CAD(OTC): down | O:0.81748 C:0.81739 | Change: -0.00009
2025-08-07 12:07:12,758 - services.data_service - INFO -   📈 USD/BDT(OTC): up | O:126.31800 C:126.33200 | Change: +0.01400
2025-08-07 12:07:12,758 - services.data_service - INFO -   📈 USD/EGP(OTC): down | O:51.01730 C:51.01580 | Change: -0.00150
2025-08-07 12:07:13,261 - services.data_service - INFO - 📊 Database: 1183 total candles
2025-08-07 12:07:13,261 - services.data_service - INFO - ⏳ Next collection in 52.8s...
2025-08-07 12:08:06,090 - services.data_service - INFO - 📊 Starting data collection cycle...
2025-08-07 12:08:12,928 - services.data_service - INFO - ✅ Collection successful: 4 candles collected
2025-08-07 12:08:12,929 - services.data_service - INFO -   📈 USD/BRL(OTC): up | O:5.25928 C:5.26067 | Change: +0.00138
2025-08-07 12:08:12,929 - services.data_service - INFO -   📈 NZD/CAD(OTC): up | O:0.81739 C:0.81743 | Change: +0.00004
2025-08-07 12:08:12,929 - services.data_service - INFO -   📈 USD/BDT(OTC): up | O:126.32800 C:126.33300 | Change: +0.00500
2025-08-07 12:08:12,929 - services.data_service - INFO -   📈 USD/EGP(OTC): down | O:51.01590 C:51.01340 | Change: -0.00250
2025-08-07 12:08:13,445 - services.data_service - INFO - 📊 Database: 1187 total candles
2025-08-07 12:08:13,446 - services.data_service - INFO - 📊 Service Statistics:
2025-08-07 12:08:13,446 - services.data_service - INFO -   🕐 Uptime: 0.32 hours
2025-08-07 12:08:13,446 - services.data_service - INFO -   📈 Collections: 20 total, 20 successful
2025-08-07 12:08:13,447 - services.data_service - INFO -   ✅ Success rate: 100.0%
2025-08-07 12:08:13,447 - services.data_service - INFO -   🔄 Reconnections: 0
2025-08-07 12:08:13,447 - services.data_service - INFO -   ⏰ Last collection: 0.0 minutes ago
2025-08-07 12:08:13,447 - services.data_service - INFO - ⏳ Next collection in 52.6s...
2025-08-07 12:09:06,102 - services.data_service - INFO - 📊 Starting data collection cycle...
2025-08-07 12:09:12,899 - services.data_service - INFO - ✅ Collection successful: 4 candles collected
2025-08-07 12:09:12,899 - services.data_service - INFO -   📈 USD/BRL(OTC): down | O:5.26288 C:5.26288 | Change: +0.00000
2025-08-07 12:09:12,900 - services.data_service - INFO -   📈 NZD/CAD(OTC): up | O:0.81743 C:0.81744 | Change: +0.00001
2025-08-07 12:09:12,900 - services.data_service - INFO -   📈 USD/BDT(OTC): up | O:126.32400 C:126.37000 | Change: +0.04600
2025-08-07 12:09:12,900 - services.data_service - INFO -   📈 USD/EGP(OTC): down | O:51.01290 C:51.01120 | Change: -0.00170
2025-08-07 12:09:13,398 - services.data_service - INFO - 📊 Database: 1191 total candles
2025-08-07 12:09:13,398 - services.data_service - INFO - ⏳ Next collection in 52.7s...
2025-08-07 12:10:06,115 - services.data_service - INFO - 📊 Starting data collection cycle...
2025-08-07 12:10:12,774 - services.data_service - INFO - ✅ Collection successful: 4 candles collected
2025-08-07 12:10:12,774 - services.data_service - INFO -   📈 USD/BRL(OTC): down | O:5.26233 C:5.26067 | Change: -0.00166
2025-08-07 12:10:12,775 - services.data_service - INFO -   📈 NZD/CAD(OTC): down | O:0.81744 C:0.81742 | Change: -0.00002
2025-08-07 12:10:12,775 - services.data_service - INFO -   📈 USD/BDT(OTC): up | O:126.37000 C:126.37800 | Change: +0.00800
2025-08-07 12:10:12,775 - services.data_service - INFO -   📈 USD/EGP(OTC): up | O:51.01100 C:51.01210 | Change: +0.00110
2025-08-07 12:10:13,273 - services.data_service - INFO - 📊 Database: 1195 total candles
2025-08-07 12:10:13,273 - services.data_service - INFO - ⏳ Next collection in 52.8s...
2025-08-07 12:11:06,128 - services.data_service - INFO - 📊 Starting data collection cycle...
2025-08-07 12:11:12,774 - services.data_service - INFO - ✅ Collection successful: 4 candles collected
2025-08-07 12:11:12,775 - services.data_service - INFO -   📈 USD/BRL(OTC): up | O:5.26150 C:5.27482 | Change: +0.01332
2025-08-07 12:11:12,775 - services.data_service - INFO -   📈 NZD/CAD(OTC): down | O:0.81742 C:0.81736 | Change: -0.00006
2025-08-07 12:11:12,776 - services.data_service - INFO -   📈 USD/BDT(OTC): up | O:126.37900 C:126.40900 | Change: +0.03000
2025-08-07 12:11:12,776 - services.data_service - INFO -   📈 USD/EGP(OTC): up | O:51.01200 C:51.01450 | Change: +0.00250
2025-08-07 12:11:13,279 - services.data_service - INFO - 📊 Database: 1199 total candles
2025-08-07 12:11:13,279 - services.data_service - INFO - ⏳ Next collection in 52.8s...
2025-08-07 12:12:06,141 - services.data_service - INFO - 📊 Starting data collection cycle...
2025-08-07 12:12:12,896 - services.data_service - INFO - ✅ Collection successful: 4 candles collected
2025-08-07 12:12:12,896 - services.data_service - INFO -   📈 USD/BRL(OTC): down | O:5.27482 C:5.26926 | Change: -0.00556
2025-08-07 12:12:12,896 - services.data_service - INFO -   📈 NZD/CAD(OTC): up | O:0.81736 C:0.81740 | Change: +0.00004
2025-08-07 12:12:12,896 - services.data_service - INFO -   📈 USD/BDT(OTC): up | O:126.40900 C:126.44500 | Change: +0.03600
2025-08-07 12:12:12,897 - services.data_service - INFO -   📈 USD/EGP(OTC): up | O:51.01450 C:51.01820 | Change: +0.00370
2025-08-07 12:12:13,424 - services.data_service - INFO - 📊 Database: 1203 total candles
2025-08-07 12:12:13,424 - services.data_service - INFO - ⏳ Next collection in 52.7s...
2025-08-07 12:13:06,153 - services.data_service - INFO - 📊 Starting data collection cycle...
2025-08-07 12:13:12,782 - services.data_service - INFO - ✅ Collection successful: 4 candles collected
2025-08-07 12:13:12,783 - services.data_service - INFO -   📈 USD/BRL(OTC): down | O:5.26926 C:5.26787 | Change: -0.00139
2025-08-07 12:13:12,783 - services.data_service - INFO -   📈 NZD/CAD(OTC): down | O:0.81742 C:0.81729 | Change: -0.00013
2025-08-07 12:13:12,783 - services.data_service - INFO -   📈 USD/BDT(OTC): down | O:126.44500 C:126.41400 | Change: -0.03100
2025-08-07 12:13:12,784 - services.data_service - INFO -   📈 USD/EGP(OTC): up | O:51.01820 C:51.01890 | Change: +0.00070
2025-08-07 12:13:13,301 - services.data_service - INFO - 📊 Database: 1207 total candles
2025-08-07 12:13:13,302 - services.data_service - INFO - ⏳ Next collection in 52.9s...
2025-08-07 12:13:37,928 - services.data_service - INFO - 🛑 Received signal 2. Initiating graceful shutdown...
2025-08-07 12:13:37,930 - services.data_service - INFO - 🛑 Received signal 2. Initiating graceful shutdown...
2025-08-07 12:13:38,308 - services.data_service - INFO - 🛑 Shutting down Continuous Data Service...
2025-08-07 12:13:39,859 - services.data_service - INFO - 📊 Service Statistics:
2025-08-07 12:13:39,859 - services.data_service - INFO -   🕐 Uptime: 0.40 hours
2025-08-07 12:13:39,859 - services.data_service - INFO -   📈 Collections: 25 total, 25 successful
2025-08-07 12:13:39,859 - services.data_service - INFO -   ✅ Success rate: 100.0%
2025-08-07 12:13:39,859 - services.data_service - INFO -   🔄 Reconnections: 0
2025-08-07 12:13:39,859 - services.data_service - INFO -   ⏰ Last collection: 0.5 minutes ago
2025-08-07 12:13:39,859 - services.data_service - INFO - ✅ Service shutdown complete
2025-08-07 13:56:10,522 - services.data_service - INFO - 🛑 Received signal 2. Initiating graceful shutdown...
2025-08-07 13:56:10,523 - services.data_service - INFO - 🛑 Received signal 2. Initiating graceful shutdown...
2025-08-07 14:05:39,451 - services.data_service - INFO - 🛑 Received signal 2. Initiating graceful shutdown...
2025-08-07 14:05:39,450 - services.data_service - INFO - 🛑 Received signal 2. Initiating graceful shutdown...
2025-08-07 14:24:46,493 - services.data_service - INFO - 🛑 Received signal 2. Initiating graceful shutdown...
2025-08-07 14:24:46,492 - services.data_service - INFO - 🛑 Received signal 2. Initiating graceful shutdown...
2025-08-07 14:25:17,188 - services.data_service - INFO - 🚀 Initializing Continuous Data Service...
2025-08-07 14:25:17,189 - services.data_service - INFO - 🔌 Connecting to MongoDB...
2025-08-07 14:25:22,065 - services.data_service - INFO - ✅ MongoDB connected successfully
2025-08-07 14:25:22,066 - services.data_service - INFO - 📊 Configured trading pairs in database: ['USD/BRL(OTC)', 'NZD/CAD(OTC)', 'USD/BDT(OTC)', 'USD/EGP(OTC)']
2025-08-07 14:25:22,066 - services.data_service - INFO - 📊 Configured trading pairs for PyQuotex: ['USDBRL', 'NZDCAD', 'USDBDT', 'USDEGP']
2025-08-07 14:25:22,087 - services.data_service - INFO - 🔄 Starting continuous data collection...
2025-08-07 14:25:22,087 - services.data_service - INFO - 🔌 Connecting to PyQuotex (attempt 1/5)...
2025-08-07 14:25:27,991 - services.data_service - INFO - 🚀 Initializing Continuous Data Service...
2025-08-07 14:25:27,991 - services.data_service - INFO - 🔌 Connecting to MongoDB...
2025-08-07 14:25:32,107 - services.data_service - INFO - ✅ MongoDB connected successfully
2025-08-07 14:25:32,107 - services.data_service - INFO - 📊 Configured trading pairs in database: ['USD/BRL(OTC)', 'NZD/CAD(OTC)', 'USD/BDT(OTC)', 'USD/EGP(OTC)']
2025-08-07 14:25:32,108 - services.data_service - INFO - 📊 Configured trading pairs for PyQuotex: ['USDBRL', 'NZDCAD', 'USDBDT', 'USDEGP']
2025-08-07 14:25:32,108 - services.data_service - INFO - 📡 WebSocket broadcaster configured
2025-08-07 14:25:40,209 - services.data_service - INFO - ✅ Connected to PyQuotex successfully
2025-08-07 14:25:40,210 - services.data_service - INFO - 📊 Available pairs in PyQuotex: ['ADAUSD_otc', 'APTUSD_otc', 'ARBUSD_otc', 'ATOUSD_otc', 'AUDCAD', 'AUDCAD_otc', 'AUDCHF', 'AUDCHF_otc', 'AUDJPY', 'AUDJPY_otc', 'AUDNZD_otc', 'AUDUSD', 'AUDUSD_otc', 'AVAUSD_otc', 'AXJAUD', 'AXP_otc', 'AXSUSD_otc', 'BA_otc', 'BCHUSD_otc', 'BEAUSD_otc', 'BNBUSD_otc', 'BONUSD_otc', 'BRLUSD_otc', 'BTCUSD_otc', 'CADCHF_otc', 'CADJPY', 'CADJPY_otc', 'CHFJPY', 'CHFJPY_otc', 'CHIA50', 'DASUSD_otc', 'DJIUSD', 'DOGUSD_otc', 'DOTUSD_otc', 'ETCUSD_otc', 'ETHUSD_otc', 'EURAUD', 'EURAUD_otc', 'EURCAD', 'EURCAD_otc', 'EURCHF', 'EURCHF_otc', 'EURGBP', 'EURGBP_otc', 'EURJPY', 'EURJPY_otc', 'EURNZD_otc', 'EURSGD_otc', 'EURUSD', 'EURUSD_otc', 'F40EUR', 'FB_otc', 'FLOUSD_otc', 'FTSGBP', 'GALUSD_otc', 'GBPAUD', 'GBPAUD_otc', 'GBPCAD', 'GBPCAD_otc', 'GBPCHF', 'GBPCHF_otc', 'GBPJPY', 'GBPJPY_otc', 'GBPNZD_otc', 'GBPUSD', 'GBPUSD_otc', 'HMSUSD_otc', 'HSIHKD', 'IBXEUR', 'INTC_otc', 'JNJ_otc', 'JPXJPY', 'LINUSD_otc', 'LTCUSD_otc', 'MANUSD_otc', 'MCD_otc', 'MELUSD_otc', 'MSFT_otc', 'NDXUSD', 'NOTUSD_otc', 'NZDCAD_otc', 'NZDCHF_otc', 'NZDJPY_otc', 'NZDUSD_otc', 'PEPUSD_otc', 'PFE_otc', 'SHIUSD_otc', 'SOLUSD_otc', 'STXEUR', 'TIAUSD_otc', 'TONUSD_otc', 'TRUUSD_otc', 'TRXUSD_otc', 'UKBrent_otc', 'USCrude_otc', 'USDARS_otc', 'USDBDT_otc', 'USDCAD', 'USDCAD_otc', 'USDCHF', 'USDCHF_otc', 'USDCOP_otc', 'USDDZD_otc', 'USDEGP_otc', 'USDIDR_otc', 'USDINR_otc', 'USDJPY', 'USDJPY_otc', 'USDMXN_otc', 'USDNGN_otc', 'USDPHP_otc', 'USDPKR_otc', 'USDTRY_otc', 'USDZAR_otc', 'WIFUSD_otc', 'XAGUSD', 'XAGUSD_otc', 'XAUUSD', 'XAUUSD_otc', 'XRPUSD_otc', 'ZECUSD_otc']
2025-08-07 14:25:40,211 - services.data_service - WARNING - ⚠️ Trading pair not available in PyQuotex: USDBRL
2025-08-07 14:25:40,211 - services.data_service - WARNING - ⚠️ Trading pair not available in PyQuotex: NZDCAD
2025-08-07 14:25:40,211 - services.data_service - WARNING - ⚠️ Trading pair not available in PyQuotex: USDBDT
2025-08-07 14:25:40,212 - services.data_service - WARNING - ⚠️ Trading pair not available in PyQuotex: USDEGP
2025-08-07 14:25:40,212 - services.data_service - WARNING - ⚠️ None of the configured pairs were found in the available pairs list
2025-08-07 14:25:40,212 - services.data_service - INFO - 📊 Continuing with configured pairs: ['USDBRL', 'NZDCAD', 'USDBDT', 'USDEGP']
2025-08-07 14:25:40,212 - services.data_service - INFO - 📊 Starting data collection cycle...
2025-08-07 14:25:51,912 - services.data_service - INFO - ✅ Collection successful: 4 candles collected
2025-08-07 14:25:51,913 - services.data_service - INFO -   📈 USD/BRL(OTC): up | O:5.25458 C:5.26371 | Change: +0.00913
2025-08-07 14:25:51,913 - services.data_service - INFO -   📈 NZD/CAD(OTC): up | O:0.81781 C:0.81784 | Change: +0.00003
2025-08-07 14:25:51,913 - services.data_service - INFO -   📈 USD/BDT(OTC): up | O:126.42300 C:126.42900 | Change: +0.00600
2025-08-07 14:25:51,913 - services.data_service - INFO -   📈 USD/EGP(OTC): up | O:51.03480 C:51.03590 | Change: +0.00110
2025-08-07 14:25:53,221 - services.data_service - INFO - 📊 Database: 1211 total candles
2025-08-07 14:25:53,221 - services.data_service - INFO - ⏳ Next collection in 47.0s...
2025-08-07 14:26:40,228 - services.data_service - INFO - 📊 Starting data collection cycle...
2025-08-07 14:26:48,306 - services.data_service - INFO - ✅ Collection successful: 4 candles collected
2025-08-07 14:26:48,307 - services.data_service - INFO -   📈 USD/BRL(OTC): up | O:5.26371 C:5.26454 | Change: +0.00083
2025-08-07 14:26:48,307 - services.data_service - INFO -   📈 NZD/CAD(OTC): up | O:0.81784 C:0.81793 | Change: +0.00009
2025-08-07 14:26:48,307 - services.data_service - INFO -   📈 USD/BDT(OTC): down | O:126.42800 C:126.41300 | Change: -0.01500
2025-08-07 14:26:48,307 - services.data_service - INFO -   📈 USD/EGP(OTC): down | O:51.03610 C:51.03220 | Change: -0.00390
2025-08-07 14:26:49,818 - services.data_service - INFO - 📊 Database: 1215 total candles
2025-08-07 14:26:49,818 - services.data_service - INFO - ⏳ Next collection in 50.4s...
2025-08-07 14:27:40,240 - services.data_service - INFO - 📊 Starting data collection cycle...
2025-08-07 14:27:48,535 - services.data_service - INFO - ✅ Collection successful: 4 candles collected
2025-08-07 14:27:48,536 - services.data_service - INFO -   📈 USD/BRL(OTC): down | O:5.26454 C:5.25293 | Change: -0.01161
2025-08-07 14:27:48,536 - services.data_service - INFO -   📈 NZD/CAD(OTC): down | O:0.81791 C:0.81780 | Change: -0.00011
2025-08-07 14:27:48,537 - services.data_service - INFO -   📈 USD/BDT(OTC): down | O:126.41200 C:126.39700 | Change: -0.01500
2025-08-07 14:27:48,537 - services.data_service - INFO -   📈 USD/EGP(OTC): down | O:51.03230 C:51.03130 | Change: -0.00100
2025-08-07 14:27:49,862 - services.data_service - INFO - 📊 Database: 1219 total candles
2025-08-07 14:27:49,862 - services.data_service - INFO - ⏳ Next collection in 50.4s...
2025-08-07 14:28:40,256 - services.data_service - INFO - 📊 Starting data collection cycle...
2025-08-07 14:28:48,944 - services.data_service - INFO - ✅ Collection successful: 4 candles collected
2025-08-07 14:28:48,944 - services.data_service - INFO -   📈 USD/BRL(OTC): up | O:5.25100 C:5.25403 | Change: +0.00303
2025-08-07 14:28:48,944 - services.data_service - INFO -   📈 NZD/CAD(OTC): up | O:0.81780 C:0.81785 | Change: +0.00005
2025-08-07 14:28:48,944 - services.data_service - INFO -   📈 USD/BDT(OTC): up | O:126.39700 C:126.41900 | Change: +0.02200
2025-08-07 14:28:48,944 - services.data_service - INFO -   📈 USD/EGP(OTC): down | O:51.03140 C:51.02930 | Change: -0.00210
2025-08-07 14:28:49,640 - services.data_service - INFO - 📊 Database: 1223 total candles
2025-08-07 14:28:49,640 - services.data_service - INFO - ⏳ Next collection in 50.6s...
2025-08-07 14:29:40,268 - services.data_service - INFO - 📊 Starting data collection cycle...
2025-08-07 14:29:47,914 - services.data_service - INFO - ✅ Collection successful: 4 candles collected
2025-08-07 14:29:47,914 - services.data_service - INFO -   📈 USD/BRL(OTC): down | O:5.25265 C:5.24962 | Change: -0.00303
2025-08-07 14:29:47,915 - services.data_service - INFO -   📈 NZD/CAD(OTC): down | O:0.81785 C:0.81784 | Change: -0.00001
2025-08-07 14:29:47,915 - services.data_service - INFO -   📈 USD/BDT(OTC): down | O:126.41700 C:126.30900 | Change: -0.10800
2025-08-07 14:29:47,915 - services.data_service - INFO -   📈 USD/EGP(OTC): up | O:51.02970 C:51.03040 | Change: +0.00070
2025-08-07 14:29:48,971 - services.data_service - INFO - 📊 Database: 1227 total candles
2025-08-07 14:29:48,972 - services.data_service - INFO - ⏳ Next collection in 51.3s...
2025-08-07 14:30:40,282 - services.data_service - INFO - 📊 Starting data collection cycle...
2025-08-07 14:30:53,971 - services.data_service - INFO - ✅ Collection successful: 4 candles collected
2025-08-07 14:30:53,974 - services.data_service - INFO -   📈 USD/BRL(OTC): up | O:5.24962 C:5.26537 | Change: +0.01576
2025-08-07 14:30:53,974 - services.data_service - INFO -   📈 NZD/CAD(OTC): down | O:0.81784 C:0.81774 | Change: -0.00010
2025-08-07 14:30:53,974 - services.data_service - INFO -   📈 USD/BDT(OTC): down | O:126.31200 C:126.28900 | Change: -0.02300
2025-08-07 14:30:53,975 - services.data_service - INFO -   📈 USD/EGP(OTC): down | O:51.03040 C:51.02860 | Change: -0.00180
2025-08-07 14:30:58,343 - services.data_service - INFO - 📊 Database: 1231 total candles
2025-08-07 14:30:58,343 - services.data_service - INFO - ⏳ Next collection in 41.9s...
2025-08-07 14:31:40,293 - services.data_service - INFO - 📊 Starting data collection cycle...
2025-08-07 14:32:04,162 - services.data_service - INFO - ✅ Collection successful: 4 candles collected
2025-08-07 14:32:04,162 - services.data_service - INFO -   📈 USD/BRL(OTC): down | O:5.26454 C:5.24329 | Change: -0.02125
2025-08-07 14:32:04,163 - services.data_service - INFO -   📈 NZD/CAD(OTC): down | O:0.81776 C:0.81776 | Change: +0.00000
2025-08-07 14:32:04,165 - services.data_service - INFO -   📈 USD/BDT(OTC): up | O:126.29200 C:126.30000 | Change: +0.00800
2025-08-07 14:32:04,165 - services.data_service - INFO -   📈 USD/EGP(OTC): up | O:51.02980 C:51.03120 | Change: +0.00140
2025-08-07 14:32:11,172 - services.data_service - INFO - 📊 Database: 1235 total candles
2025-08-07 14:32:11,172 - services.data_service - INFO - ⏳ Next collection in 29.1s...
2025-08-07 14:32:40,300 - services.data_service - INFO - 📊 Starting data collection cycle...
2025-08-07 14:32:55,047 - services.data_service - INFO - ✅ Collection successful: 4 candles collected
2025-08-07 14:32:55,048 - services.data_service - INFO -   📈 USD/BRL(OTC): up | O:5.24329 C:5.24852 | Change: +0.00523
2025-08-07 14:32:55,048 - services.data_service - INFO -   📈 NZD/CAD(OTC): up | O:0.81776 C:0.81778 | Change: +0.00002
2025-08-07 14:32:55,048 - services.data_service - INFO -   📈 USD/BDT(OTC): up | O:126.30000 C:126.30500 | Change: +0.00500
2025-08-07 14:32:55,048 - services.data_service - INFO -   📈 USD/EGP(OTC): up | O:51.02980 C:51.03120 | Change: +0.00140
2025-08-07 14:32:58,576 - services.data_service - INFO - 📊 Database: 1239 total candles
2025-08-07 14:32:58,576 - services.data_service - INFO - ⏳ Next collection in 41.7s...
2025-08-07 14:33:40,310 - services.data_service - INFO - 📊 Starting data collection cycle...
2025-08-07 14:33:53,346 - services.data_service - INFO - ✅ Collection successful: 4 candles collected
2025-08-07 14:33:53,347 - services.data_service - INFO -   📈 USD/BRL(OTC): up | O:5.24852 C:5.25486 | Change: +0.00634
2025-08-07 14:33:53,347 - services.data_service - INFO -   📈 NZD/CAD(OTC): down | O:0.81778 C:0.81777 | Change: -0.00001
2025-08-07 14:33:53,347 - services.data_service - INFO -   📈 USD/BDT(OTC): up | O:126.30600 C:126.31200 | Change: +0.00600
2025-08-07 14:33:53,347 - services.data_service - INFO -   📈 USD/EGP(OTC): down | O:51.03120 C:51.02930 | Change: -0.00190
2025-08-07 14:33:57,222 - services.data_service - INFO - 📊 Database: 1243 total candles
2025-08-07 14:33:57,223 - services.data_service - INFO - ⏳ Next collection in 43.1s...
2025-08-07 14:34:40,321 - services.data_service - INFO - 📊 Starting data collection cycle...
2025-08-07 14:34:50,958 - services.data_service - INFO - ✅ Collection successful: 4 candles collected
2025-08-07 14:34:50,959 - services.data_service - INFO -   📈 USD/BRL(OTC): down | O:5.25541 C:5.24576 | Change: -0.00965
2025-08-07 14:34:50,960 - services.data_service - INFO -   📈 NZD/CAD(OTC): down | O:0.81777 C:0.81766 | Change: -0.00011
2025-08-07 14:34:50,961 - services.data_service - INFO -   📈 USD/BDT(OTC): up | O:126.29700 C:126.31800 | Change: +0.02100
2025-08-07 14:34:50,961 - services.data_service - INFO -   📈 USD/EGP(OTC): up | O:51.02930 C:51.03130 | Change: +0.00200
2025-08-07 14:34:51,710 - services.data_service - INFO - 📊 Database: 1247 total candles
2025-08-07 14:34:51,711 - services.data_service - INFO - 📊 Service Statistics:
2025-08-07 14:34:51,711 - services.data_service - INFO -   🕐 Uptime: 0.16 hours
2025-08-07 14:34:51,712 - services.data_service - INFO -   📈 Collections: 10 total, 10 successful
2025-08-07 14:34:51,712 - services.data_service - INFO -   ✅ Success rate: 100.0%
2025-08-07 14:34:51,712 - services.data_service - INFO -   🔄 Reconnections: 0
2025-08-07 14:34:51,713 - services.data_service - INFO -   ⏰ Last collection: 0.0 minutes ago
2025-08-07 14:34:51,713 - services.data_service - INFO - ⏳ Next collection in 48.6s...
2025-08-07 14:35:40,334 - services.data_service - INFO - 📊 Starting data collection cycle...
2025-08-07 14:35:52,252 - services.data_service - INFO - ✅ Collection successful: 4 candles collected
2025-08-07 14:35:52,253 - services.data_service - INFO -   📈 USD/BRL(OTC): up | O:5.24576 C:5.25873 | Change: +0.01297
2025-08-07 14:35:52,253 - services.data_service - INFO -   📈 NZD/CAD(OTC): down | O:0.81767 C:0.81764 | Change: -0.00003
2025-08-07 14:35:52,253 - services.data_service - INFO -   📈 USD/BDT(OTC): down | O:126.31800 C:126.31800 | Change: +0.00000
2025-08-07 14:35:52,253 - services.data_service - INFO -   📈 USD/EGP(OTC): up | O:51.03150 C:51.03210 | Change: +0.00060
2025-08-07 14:35:52,892 - services.data_service - INFO - 📊 Database: 1251 total candles
2025-08-07 14:35:52,893 - services.data_service - INFO - ⏳ Next collection in 47.4s...
2025-08-07 14:36:40,345 - services.data_service - INFO - 📊 Starting data collection cycle...
2025-08-07 14:36:50,335 - services.data_service - INFO - ✅ Collection successful: 4 candles collected
2025-08-07 14:36:50,336 - services.data_service - INFO -   📈 USD/BRL(OTC): up | O:5.25873 C:5.25901 | Change: +0.00028
2025-08-07 14:36:50,336 - services.data_service - INFO -   📈 NZD/CAD(OTC): down | O:0.81764 C:0.81763 | Change: -0.00001
2025-08-07 14:36:50,336 - services.data_service - INFO -   📈 USD/BDT(OTC): up | O:126.31800 C:126.31900 | Change: +0.00100
2025-08-07 14:36:50,336 - services.data_service - INFO -   📈 USD/EGP(OTC): up | O:51.03210 C:51.03350 | Change: +0.00140
2025-08-07 14:36:51,273 - services.data_service - INFO - 📊 Database: 1255 total candles
2025-08-07 14:36:51,274 - services.data_service - INFO - ⏳ Next collection in 49.1s...
2025-08-07 14:37:40,357 - services.data_service - INFO - 📊 Starting data collection cycle...
2025-08-07 14:37:49,770 - services.data_service - INFO - ✅ Collection successful: 4 candles collected
2025-08-07 14:37:49,772 - services.data_service - INFO -   📈 USD/BRL(OTC): up | O:5.25901 C:5.26454 | Change: +0.00554
2025-08-07 14:37:49,772 - services.data_service - INFO -   📈 NZD/CAD(OTC): down | O:0.81763 C:0.81751 | Change: -0.00012
2025-08-07 14:37:49,773 - services.data_service - INFO -   📈 USD/BDT(OTC): up | O:126.32200 C:126.32800 | Change: +0.00600
2025-08-07 14:37:49,773 - services.data_service - INFO -   📈 USD/EGP(OTC): down | O:51.03330 C:51.03230 | Change: -0.00100
2025-08-07 14:37:50,772 - services.data_service - INFO - 📊 Database: 1259 total candles
2025-08-07 14:37:50,772 - services.data_service - INFO - ⏳ Next collection in 49.6s...
2025-08-07 14:38:40,367 - services.data_service - INFO - 📊 Starting data collection cycle...
2025-08-07 14:38:50,501 - services.data_service - INFO - ✅ Collection successful: 4 candles collected
2025-08-07 14:38:50,501 - services.data_service - INFO -   📈 USD/BRL(OTC): up | O:5.26454 C:5.26759 | Change: +0.00305
2025-08-07 14:38:50,501 - services.data_service - INFO -   📈 NZD/CAD(OTC): down | O:0.81751 C:0.81741 | Change: -0.00010
2025-08-07 14:38:50,502 - services.data_service - INFO -   📈 USD/BDT(OTC): up | O:126.32800 C:126.33400 | Change: +0.00600
2025-08-07 14:38:50,502 - services.data_service - INFO -   📈 USD/EGP(OTC): down | O:51.03230 C:51.03020 | Change: -0.00210
2025-08-07 14:38:51,419 - services.data_service - INFO - 📊 Database: 1263 total candles
2025-08-07 14:38:51,420 - services.data_service - INFO - ⏳ Next collection in 48.9s...
2025-08-07 14:39:40,383 - services.data_service - INFO - 📊 Starting data collection cycle...
2025-08-07 14:39:47,981 - services.data_service - INFO - ✅ Collection successful: 4 candles collected
2025-08-07 14:39:47,982 - services.data_service - INFO -   📈 USD/BRL(OTC): down | O:5.26759 C:5.26482 | Change: -0.00277
2025-08-07 14:39:47,983 - services.data_service - INFO -   📈 NZD/CAD(OTC): up | O:0.81741 C:0.81742 | Change: +0.00001
2025-08-07 14:39:47,983 - services.data_service - INFO -   📈 USD/BDT(OTC): down | O:126.33400 C:126.31200 | Change: -0.02200
2025-08-07 14:39:47,983 - services.data_service - INFO -   📈 USD/EGP(OTC): down | O:51.03020 C:51.02810 | Change: -0.00210
2025-08-07 14:39:48,566 - services.data_service - INFO - 📊 Database: 1267 total candles
2025-08-07 14:39:48,567 - services.data_service - INFO - ⏳ Next collection in 51.8s...
2025-08-07 14:40:40,400 - services.data_service - INFO - 📊 Starting data collection cycle...
2025-08-07 14:40:48,040 - services.data_service - INFO - ✅ Collection successful: 4 candles collected
2025-08-07 14:40:48,041 - services.data_service - INFO -   📈 USD/BRL(OTC): up | O:5.26482 C:5.27343 | Change: +0.00861
2025-08-07 14:40:48,041 - services.data_service - INFO -   📈 NZD/CAD(OTC): down | O:0.81741 C:0.81739 | Change: -0.00002
2025-08-07 14:40:48,041 - services.data_service - INFO -   📈 USD/BDT(OTC): down | O:126.31200 C:126.29900 | Change: -0.01300
2025-08-07 14:40:48,041 - services.data_service - INFO -   📈 USD/EGP(OTC): down | O:51.02810 C:51.02620 | Change: -0.00190
2025-08-07 14:40:48,725 - services.data_service - INFO - 📊 Database: 1271 total candles
2025-08-07 14:40:48,725 - services.data_service - INFO - ⏳ Next collection in 51.7s...
2025-08-07 14:41:40,417 - services.data_service - INFO - 📊 Starting data collection cycle...
2025-08-07 14:41:57,619 - services.data_service - INFO - ✅ Collection successful: 4 candles collected
2025-08-07 14:41:57,620 - services.data_service - INFO -   📈 USD/BRL(OTC): down | O:5.27343 C:5.27120 | Change: -0.00222
2025-08-07 14:41:57,620 - services.data_service - INFO -   📈 NZD/CAD(OTC): up | O:0.81739 C:0.81744 | Change: +0.00005
2025-08-07 14:41:57,620 - services.data_service - INFO -   📈 USD/BDT(OTC): up | O:126.29900 C:126.35700 | Change: +0.05800
2025-08-07 14:41:57,621 - services.data_service - INFO -   📈 USD/EGP(OTC): down | O:51.02620 C:51.02530 | Change: -0.00090
2025-08-07 14:41:58,357 - services.data_service - INFO - 📊 Database: 1275 total candles
2025-08-07 14:41:58,358 - services.data_service - INFO - ⏳ Next collection in 42.1s...
2025-08-07 14:42:40,428 - services.data_service - INFO - 📊 Starting data collection cycle...
2025-08-07 14:42:47,677 - services.data_service - INFO - ✅ Collection successful: 4 candles collected
2025-08-07 14:42:47,678 - services.data_service - INFO -   📈 USD/BRL(OTC): up | O:5.27232 C:5.27454 | Change: +0.00222
2025-08-07 14:42:47,678 - services.data_service - INFO -   📈 NZD/CAD(OTC): down | O:0.81746 C:0.81745 | Change: -0.00001
2025-08-07 14:42:47,679 - services.data_service - INFO -   📈 USD/BDT(OTC): up | O:126.35700 C:126.37700 | Change: +0.02000
2025-08-07 14:42:47,679 - services.data_service - INFO -   📈 USD/EGP(OTC): down | O:51.02530 C:51.02260 | Change: -0.00270
2025-08-07 14:42:48,242 - services.data_service - INFO - 📊 Database: 1279 total candles
2025-08-07 14:42:48,242 - services.data_service - INFO - ⏳ Next collection in 52.2s...
2025-08-07 14:43:40,440 - services.data_service - INFO - 📊 Starting data collection cycle...
2025-08-07 14:43:48,112 - services.data_service - INFO - ✅ Collection successful: 4 candles collected
2025-08-07 14:43:48,112 - services.data_service - INFO -   📈 USD/BRL(OTC): down | O:5.27454 C:5.25984 | Change: -0.01470
2025-08-07 14:43:48,113 - services.data_service - INFO -   📈 NZD/CAD(OTC): up | O:0.81745 C:0.81749 | Change: +0.00004
2025-08-07 14:43:48,113 - services.data_service - INFO -   📈 USD/BDT(OTC): up | O:126.37800 C:126.42900 | Change: +0.05100
2025-08-07 14:43:48,113 - services.data_service - INFO -   📈 USD/EGP(OTC): up | O:51.02260 C:51.02300 | Change: +0.00040
2025-08-07 14:43:48,693 - services.data_service - INFO - 📊 Database: 1283 total candles
2025-08-07 14:43:48,693 - services.data_service - INFO - ⏳ Next collection in 51.7s...
2025-08-07 14:44:40,454 - services.data_service - INFO - 📊 Starting data collection cycle...
2025-08-07 14:44:48,855 - services.data_service - INFO - ✅ Collection successful: 4 candles collected
2025-08-07 14:44:48,855 - services.data_service - INFO -   📈 USD/BRL(OTC): down | O:5.25984 C:5.24659 | Change: -0.01325
2025-08-07 14:44:48,856 - services.data_service - INFO -   📈 NZD/CAD(OTC): down | O:0.81750 C:0.81743 | Change: -0.00007
2025-08-07 14:44:48,856 - services.data_service - INFO -   📈 USD/BDT(OTC): down | O:126.42600 C:126.42500 | Change: -0.00100
2025-08-07 14:44:48,856 - services.data_service - INFO -   📈 USD/EGP(OTC): down | O:51.02300 C:51.02210 | Change: -0.00090
2025-08-07 14:44:49,500 - services.data_service - INFO - 📊 Database: 1287 total candles
2025-08-07 14:44:49,501 - services.data_service - INFO - 📊 Service Statistics:
2025-08-07 14:44:49,501 - services.data_service - INFO -   🕐 Uptime: 0.32 hours
2025-08-07 14:44:49,501 - services.data_service - INFO -   📈 Collections: 20 total, 20 successful
2025-08-07 14:44:49,501 - services.data_service - INFO -   ✅ Success rate: 100.0%
2025-08-07 14:44:49,501 - services.data_service - INFO -   🔄 Reconnections: 0
2025-08-07 14:44:49,501 - services.data_service - INFO -   ⏰ Last collection: 0.0 minutes ago
2025-08-07 14:44:49,502 - services.data_service - INFO - ⏳ Next collection in 51.0s...
2025-08-07 14:45:40,467 - services.data_service - INFO - 📊 Starting data collection cycle...
2025-08-07 14:45:48,666 - services.data_service - INFO - ✅ Collection successful: 4 candles collected
2025-08-07 14:45:48,667 - services.data_service - INFO -   📈 USD/BRL(OTC): down | O:5.24604 C:5.23697 | Change: -0.00907
2025-08-07 14:45:48,667 - services.data_service - INFO -   📈 NZD/CAD(OTC): up | O:0.81743 C:0.81746 | Change: +0.00003
2025-08-07 14:45:48,668 - services.data_service - INFO -   📈 USD/BDT(OTC): up | O:126.42500 C:126.44200 | Change: +0.01700
2025-08-07 14:45:48,668 - services.data_service - INFO -   📈 USD/EGP(OTC): down | O:51.02210 C:51.02090 | Change: -0.00120
2025-08-07 14:45:49,601 - services.data_service - INFO - 📊 Database: 1291 total candles
2025-08-07 14:45:49,602 - services.data_service - INFO - ⏳ Next collection in 50.9s...
2025-08-07 14:46:40,481 - services.data_service - INFO - 📊 Starting data collection cycle...
2025-08-07 14:46:52,629 - services.data_service - INFO - ✅ Collection successful: 4 candles collected
2025-08-07 14:46:52,629 - services.data_service - INFO -   📈 USD/BRL(OTC): up | O:5.23642 C:5.24109 | Change: +0.00467
2025-08-07 14:46:52,629 - services.data_service - INFO -   📈 NZD/CAD(OTC): up | O:0.81746 C:0.81750 | Change: +0.00004
2025-08-07 14:46:52,630 - services.data_service - INFO -   📈 USD/BDT(OTC): down | O:126.44000 C:126.41700 | Change: -0.02300
2025-08-07 14:46:52,630 - services.data_service - INFO -   📈 USD/EGP(OTC): down | O:51.02030 C:51.02020 | Change: -0.00010
2025-08-07 14:46:54,299 - services.data_service - INFO - 📊 Database: 1295 total candles
2025-08-07 14:46:54,299 - services.data_service - INFO - ⏳ Next collection in 46.2s...
2025-08-07 14:47:40,496 - services.data_service - INFO - 📊 Starting data collection cycle...
2025-08-07 14:47:47,891 - services.data_service - INFO - ✅ Collection successful: 4 candles collected
2025-08-07 14:47:47,891 - services.data_service - INFO -   📈 USD/BRL(OTC): down | O:5.24054 C:5.23588 | Change: -0.00466
2025-08-07 14:47:47,892 - services.data_service - INFO -   📈 NZD/CAD(OTC): down | O:0.81750 C:0.81748 | Change: -0.00002
2025-08-07 14:47:47,892 - services.data_service - INFO -   📈 USD/BDT(OTC): up | O:126.41700 C:126.43600 | Change: +0.01900
2025-08-07 14:47:47,892 - services.data_service - INFO -   📈 USD/EGP(OTC): down | O:51.02020 C:51.01860 | Change: -0.00160
2025-08-07 14:47:48,655 - services.data_service - INFO - 📊 Database: 1299 total candles
2025-08-07 14:47:48,655 - services.data_service - INFO - ⏳ Next collection in 51.8s...
2025-08-07 14:48:41,159 - services.data_service - INFO - 📊 Starting data collection cycle...
2025-08-07 14:48:48,271 - services.data_service - INFO - ✅ Collection successful: 4 candles collected
2025-08-07 14:48:48,272 - services.data_service - INFO -   📈 USD/BRL(OTC): down | O:5.23588 C:5.23149 | Change: -0.00438
2025-08-07 14:48:48,272 - services.data_service - INFO -   📈 NZD/CAD(OTC): down | O:0.81748 C:0.81745 | Change: -0.00003
2025-08-07 14:48:48,272 - services.data_service - INFO -   📈 USD/BDT(OTC): up | O:126.43400 C:126.45200 | Change: +0.01800
2025-08-07 14:48:48,272 - services.data_service - INFO -   📈 USD/EGP(OTC): up | O:51.01860 C:51.02020 | Change: +0.00160
2025-08-07 14:48:48,853 - services.data_service - INFO - 📊 Database: 1303 total candles
2025-08-07 14:48:48,853 - services.data_service - INFO - ⏳ Next collection in 52.3s...
2025-08-07 14:49:41,173 - services.data_service - INFO - 📊 Starting data collection cycle...
2025-08-07 14:49:48,565 - services.data_service - INFO - ✅ Collection successful: 4 candles collected
2025-08-07 14:49:48,565 - services.data_service - INFO -   📈 USD/BRL(OTC): down | O:5.23095 C:5.22302 | Change: -0.00792
2025-08-07 14:49:48,566 - services.data_service - INFO -   📈 NZD/CAD(OTC): down | O:0.81744 C:0.81735 | Change: -0.00009
2025-08-07 14:49:48,566 - services.data_service - INFO -   📈 USD/BDT(OTC): down | O:126.45500 C:126.42900 | Change: -0.02600
2025-08-07 14:49:48,566 - services.data_service - INFO -   📈 USD/EGP(OTC): down | O:51.01990 C:51.01810 | Change: -0.00180
2025-08-07 14:49:49,139 - services.data_service - INFO - 📊 Database: 1307 total candles
2025-08-07 14:49:49,140 - services.data_service - INFO - ⏳ Next collection in 52.0s...
2025-08-07 14:50:41,185 - services.data_service - INFO - 📊 Starting data collection cycle...
2025-08-07 14:50:49,361 - services.data_service - INFO - ✅ Collection successful: 4 candles collected
2025-08-07 14:50:49,361 - services.data_service - INFO -   📈 USD/BRL(OTC): up | O:5.22330 C:5.22575 | Change: +0.00246
2025-08-07 14:50:49,362 - services.data_service - INFO -   📈 NZD/CAD(OTC): up | O:0.81735 C:0.81743 | Change: +0.00008
2025-08-07 14:50:49,362 - services.data_service - INFO -   📈 USD/BDT(OTC): up | O:126.42900 C:126.44600 | Change: +0.01700
2025-08-07 14:50:49,362 - services.data_service - INFO -   📈 USD/EGP(OTC): up | O:51.01810 C:51.01910 | Change: +0.00100
2025-08-07 14:50:50,037 - services.data_service - INFO - 📊 Database: 1311 total candles
2025-08-07 14:50:50,037 - services.data_service - INFO - ⏳ Next collection in 51.1s...
2025-08-07 14:51:41,198 - services.data_service - INFO - 📊 Starting data collection cycle...
2025-08-07 14:51:50,264 - services.data_service - INFO - ✅ Collection successful: 4 candles collected
2025-08-07 14:51:50,265 - services.data_service - INFO -   📈 USD/BRL(OTC): up | O:5.22657 C:5.23149 | Change: +0.00492
2025-08-07 14:51:50,265 - services.data_service - INFO -   📈 NZD/CAD(OTC): down | O:0.81743 C:0.81739 | Change: -0.00004
2025-08-07 14:51:50,265 - services.data_service - INFO -   📈 USD/BDT(OTC): down | O:126.44600 C:126.43200 | Change: -0.01400
2025-08-07 14:51:50,266 - services.data_service - INFO -   📈 USD/EGP(OTC): up | O:51.01890 C:51.01950 | Change: +0.00060
2025-08-07 14:51:50,838 - services.data_service - INFO - 📊 Database: 1315 total candles
2025-08-07 14:51:50,838 - services.data_service - INFO - ⏳ Next collection in 50.4s...
2025-08-07 14:52:41,219 - services.data_service - INFO - 📊 Starting data collection cycle...
2025-08-07 14:52:49,107 - services.data_service - INFO - ✅ Collection successful: 4 candles collected
2025-08-07 14:52:49,107 - services.data_service - INFO -   📈 USD/BRL(OTC): down | O:5.23149 C:5.21621 | Change: -0.01528
2025-08-07 14:52:49,107 - services.data_service - INFO -   📈 NZD/CAD(OTC): up | O:0.81739 C:0.81742 | Change: +0.00003
2025-08-07 14:52:49,107 - services.data_service - INFO -   📈 USD/BDT(OTC): down | O:126.43400 C:126.42200 | Change: -0.01200
2025-08-07 14:52:49,108 - services.data_service - INFO -   📈 USD/EGP(OTC): down | O:51.01930 C:51.01640 | Change: -0.00290
2025-08-07 14:52:49,685 - services.data_service - INFO - 📊 Database: 1319 total candles
2025-08-07 14:52:49,685 - services.data_service - INFO - ⏳ Next collection in 51.5s...
2025-08-07 14:53:41,229 - services.data_service - INFO - 📊 Starting data collection cycle...
2025-08-07 14:53:48,448 - services.data_service - INFO - ✅ Collection successful: 4 candles collected
2025-08-07 14:53:48,448 - services.data_service - INFO -   📈 USD/BRL(OTC): up | O:5.21648 C:5.22111 | Change: +0.00463
2025-08-07 14:53:48,449 - services.data_service - INFO -   📈 NZD/CAD(OTC): down | O:0.81742 C:0.81740 | Change: -0.00002
2025-08-07 14:53:48,449 - services.data_service - INFO -   📈 USD/BDT(OTC): down | O:126.42100 C:126.41400 | Change: -0.00700
2025-08-07 14:53:48,449 - services.data_service - INFO -   📈 USD/EGP(OTC): down | O:51.01650 C:51.01460 | Change: -0.00190
2025-08-07 14:53:49,013 - services.data_service - INFO - 📊 Database: 1323 total candles
2025-08-07 14:53:49,013 - services.data_service - INFO - ⏳ Next collection in 52.2s...
2025-08-07 14:54:41,238 - services.data_service - INFO - 📊 Starting data collection cycle...
2025-08-07 14:54:48,910 - services.data_service - INFO - ✅ Collection successful: 4 candles collected
2025-08-07 14:54:48,910 - services.data_service - INFO -   📈 USD/BRL(OTC): down | O:5.22111 C:5.21186 | Change: -0.00925
2025-08-07 14:54:48,910 - services.data_service - INFO -   📈 NZD/CAD(OTC): down | O:0.81740 C:0.81736 | Change: -0.00004
2025-08-07 14:54:48,910 - services.data_service - INFO -   📈 USD/BDT(OTC): up | O:126.41400 C:126.45100 | Change: +0.03700
2025-08-07 14:54:48,911 - services.data_service - INFO -   📈 USD/EGP(OTC): up | O:51.01460 C:51.01510 | Change: +0.00050
2025-08-07 14:54:49,595 - services.data_service - INFO - 📊 Database: 1327 total candles
2025-08-07 14:54:49,595 - services.data_service - INFO - 📊 Service Statistics:
2025-08-07 14:54:49,596 - services.data_service - INFO -   🕐 Uptime: 0.49 hours
2025-08-07 14:54:49,596 - services.data_service - INFO -   📈 Collections: 30 total, 30 successful
2025-08-07 14:54:49,596 - services.data_service - INFO -   ✅ Success rate: 100.0%
2025-08-07 14:54:49,596 - services.data_service - INFO -   🔄 Reconnections: 0
2025-08-07 14:54:49,596 - services.data_service - INFO -   ⏰ Last collection: 0.0 minutes ago
2025-08-07 14:54:49,597 - services.data_service - INFO - ⏳ Next collection in 51.6s...
2025-08-07 14:55:41,239 - services.data_service - INFO - 📊 Starting data collection cycle...
2025-08-07 14:55:50,252 - services.data_service - INFO - ✅ Collection successful: 4 candles collected
2025-08-07 14:55:50,253 - services.data_service - INFO -   📈 USD/BRL(OTC): down | O:5.21186 C:5.21132 | Change: -0.00054
2025-08-07 14:55:50,253 - services.data_service - INFO -   📈 NZD/CAD(OTC): up | O:0.81736 C:0.81738 | Change: +0.00002
2025-08-07 14:55:50,253 - services.data_service - INFO -   📈 USD/BDT(OTC): up | O:126.45100 C:126.45500 | Change: +0.00400
2025-08-07 14:55:50,253 - services.data_service - INFO -   📈 USD/EGP(OTC): down | O:51.01510 C:51.01510 | Change: +0.00000
2025-08-07 14:55:50,867 - services.data_service - INFO - 📊 Database: 1331 total candles
2025-08-07 14:55:50,868 - services.data_service - INFO - ⏳ Next collection in 50.4s...
2025-08-07 14:58:11,538 - services.data_service - INFO - 📊 Starting data collection cycle...
2025-08-07 15:50:41,523 - services.data_service - INFO - 🛑 Received signal 2. Initiating graceful shutdown...
2025-08-07 15:50:41,525 - services.data_service - INFO - 🛑 Received signal 2. Initiating graceful shutdown...
